name,geoid,year,filename,note
Acworth,3301900260,2025,3301900260_2025.pdf,text-form
Albany,3300300420,2024,3300300420_2024.pdf,no standard DRA form found (name-only summary or city GASB format)
Alexandria,3300900580,2025,3300900580_2025.pdf,scanned-ocr
Allenstown,3301300660,2024,3301300660_2024.pdf,no standard DRA form found (name-only summary or city GASB format)
Alstead,3300500820,2025,3300500820_2025.pdf,no standard DRA form found (name-only summary or city GASB format)
Alton,3300101060,2024,3300101060_2024.pdf,no standard DRA form found (name-only summary or city GASB format)
Andover,3301301460,2025,3301301460_2025.pdf,no standard DRA form found (name-only summary or city GASB format)
Antrim,3301101700,2025,3301101700_2025.pdf,no standard DRA form found (name-only summary or city GASB format)
Atkinson,3301502340,2024,3301502340_2024.pdf,no standard DRA form found (name-only summary or city GASB format)
Bedford,3301104500,2020,3301104500_2020.pdf,no standard DRA form found (name-only summary or city GASB format)
Bennington,3301104900,2025,3301104900_2025.pdf,no standard DRA form found (name-only summary or city GASB format)
Benton,3300905060,2024,3300905060_2024.pdf,text-form
Berlin,3300705140,2021,3300705140_2021.pdf,no standard DRA form found (name-only summary or city GASB format)
Bethlehem,3300905460,2024,3300905460_2024.pdf,no standard DRA form found (name-only summary or city GASB format)
Bow,3301306500,2025,3301306500_2025.pdf,no standard DRA form found (name-only summary or city GASB format)
Brentwood,3301507220,2024,3301507220_2024.pdf,no standard DRA form found (name-only summary or city GASB format)
Bridgewater,3300907540,2025,3300907540_2025.pdf,no standard DRA form found (name-only summary or city GASB format)
Bristol,3300907700,2025,3300907700_2025.pdf,no standard DRA form found (name-only summary or city GASB format)
Brookfield,3300307940,2025,3300307940_2025.pdf,no standard DRA form found (name-only summary or city GASB format)
Brookline,3301108100,2024,3301108100_2024.pdf,no standard DRA form found (name-only summary or city GASB format)
Canaan,3300908980,2025,3300908980_2025.pdf,no standard DRA form found (name-only summary or city GASB format)
Canterbury,3301309860,2024,3301309860_2024.pdf,no standard DRA form found (name-only summary or city GASB format)
Carroll,3300710100,2024,3300710100_2024.pdf,no standard DRA form found (name-only summary or city GASB format)
Center Harbor,3300110660,2025,3300110660_2025.pdf,no standard DRA form found (name-only summary or city GASB format)
Charlestown,3301911380,2025,3301911380_2025.pdf,no standard DRA form found (name-only summary or city GASB format)
Chatham,3300311780,2020,3300311780_2020.pdf,no standard DRA form found (name-only summary or city GASB format)
Chesterfield,3300512260,2025,3300512260_2025.pdf,no standard DRA form found (name-only summary or city GASB format)
Claremont,3301912900,2021,3301912900_2021.pdf,no standard DRA form found (name-only summary or city GASB format)
Clarksville,3300713220,2025,3300713220_2025.pdf,no standard DRA form found (name-only summary or city GASB format)
Colebrook,3300713780,2024,3300713780_2024.pdf,no standard DRA form found (name-only summary or city GASB format)
Columbia,3300713940,2024,3300713940_2024.pdf,no standard DRA form found (name-only summary or city GASB format)
Concord,3301314200,2025,3301314200_2025.pdf,no standard DRA form found (name-only summary or city GASB format)
Cornish,3301915060,2024,3301915060_2024.pdf,no standard DRA form found (name-only summary or city GASB format)
Danbury,3301316980,2025,3301316980_2025.pdf,text-form
Deerfield,3301517460,2024,3301517460_2024.pdf,no standard DRA form found (name-only summary or city GASB format)
Deering,3301117780,2025,3301117780_2025.pdf,no standard DRA form found (name-only summary or city GASB format)
Derry,3301517940,2025,3301517940_2025.pdf,no standard DRA form found (name-only summary or city GASB format)
Dorchester,3300918740,2025,3300918740_2025.pdf,no standard DRA form found (name-only summary or city GASB format)
Dover,3301718820,2024,3301718820_2024.pdf,no standard DRA form found (name-only summary or city GASB format)
Dublin,3300519140,2025,3300519140_2025.pdf,no standard DRA form found (name-only summary or city GASB format)
Dummer,3300719300,2025,3300719300_2025.pdf,text-form
Durham,3301719700,2025,3301719700_2025.pdf,no standard DRA form found (name-only summary or city GASB format)
East Kingston,3301521380,2025,3301521380_2025.pdf,no standard DRA form found (name-only summary or city GASB format)
Easton,3300922020,2025,3300922020_2025.pdf,no standard DRA form found (name-only summary or city GASB format)
Eaton,3300323380,2025,3300323380_2025.pdf,no standard DRA form found (name-only summary or city GASB format)
Ellsworth,3300923860,2025,3300923860_2025.pdf,no standard DRA form found (name-only summary or city GASB format)
Enfield,3300924340,2024,3300924340_2024.pdf,no standard DRA form found (name-only summary or city GASB format)
Epping,3301524660,2025,3301524660_2025.pdf,no standard DRA form found (name-only summary or city GASB format)
Epsom,3301324900,2025,3301324900_2025.pdf,no standard DRA form found (name-only summary or city GASB format)
Errol,3300725140,2024,3300725140_2024.pdf,no standard DRA form found (name-only summary or city GASB format)
Fitzwilliam,3300526500,2024,3300526500_2024.pdf,text-form
Franconia,3300927300,2024,3300927300_2024.pdf,no standard DRA form found (name-only summary or city GASB format)
Franklin,3301327380,2022,3301327380_2022.pdf,no standard DRA form found (name-only summary or city GASB format)
Fremont,3301527940,2025,3301527940_2025.pdf,no standard DRA form found (name-only summary or city GASB format)
Gilford,3300128740,2025,3300128740_2025.pdf,scanned-ocr
Gilmanton,3300128980,2025,3300128980_2025.pdf,no standard DRA form found (name-only summary or city GASB format)
Gorham,3300730260,2024,3300730260_2024.pdf,no standard DRA form found (name-only summary or city GASB format)
Goshen,3301930500,2025,3301930500_2025.pdf,scanned-ocr
Grafton,3300930820,2024,3300930820_2024.pdf,scanned-ocr
Grantham,3301931220,2025,3301931220_2025.pdf,scanned-ocr
Greenland,3301531700,2024,3301531700_2024.pdf,no standard DRA form found (name-only summary or city GASB format)
Greenville,3301131940,2024,3301131940_2024.pdf,no standard DRA form found (name-only summary or city GASB format)
Groton,3300932180,2025,3300932180_2025.pdf,no standard DRA form found (name-only summary or city GASB format)
Hampstead,3301532900,2025,3301532900_2025.pdf,no standard DRA form found (name-only summary or city GASB format)
Hancock,3301133700,2024,3301133700_2024.pdf,no standard DRA form found (name-only summary or city GASB format)
Hanover,3300933860,2025,3300933860_2025.pdf,no standard DRA form found (name-only summary or city GASB format)
Harrisville,3300534420,2025,3300534420_2025.pdf,no standard DRA form found (name-only summary or city GASB format)
Hebron,3300935220,2025,3300935220_2025.pdf,no standard DRA form found (name-only summary or city GASB format)
Henniker,3301335540,2025,3301335540_2025.pdf,text-form
Hill,3301335860,2025,3301335860_2025.pdf,no standard DRA form found (name-only summary or city GASB format)
Hillsborough,3301136180,2025,3301136180_2025.pdf,no standard DRA form found (name-only summary or city GASB format)
Hinsdale,3300536660,2024,3300536660_2024.pdf,no standard DRA form found (name-only summary or city GASB format)
Hollis,3301137140,2024,3301137140_2024.pdf,no standard DRA form found (name-only summary or city GASB format)
Hopkinton,3301337540,2025,3301337540_2025.pdf,no standard DRA form found (name-only summary or city GASB format)
Hudson,3301137940,2025,3301137940_2025.pdf,no standard DRA form found (name-only summary or city GASB format)
Jaffrey,3300538500,2024,3300538500_2024.pdf,no standard DRA form found (name-only summary or city GASB format)
Jefferson,3300738820,2025,3300738820_2025.pdf,no standard DRA form found (name-only summary or city GASB format)
Keene,3300539300,1962,3300539300_1962.pdf,no standard DRA form found (name-only summary or city GASB format)
Kensington,3301539780,2025,3301539780_2025.pdf,no standard DRA form found (name-only summary or city GASB format)
Kingston,3301540100,2025,3301540100_2025.pdf,no standard DRA form found (name-only summary or city GASB format)
Laconia,3300140180,2023,3300140180_2023.pdf,no standard DRA form found (name-only summary or city GASB format)
Lancaster,3300740420,2025,3300740420_2025.pdf,no standard DRA form found (name-only summary or city GASB format)
Landaff,3300940660,2024,3300940660_2024.pdf,no standard DRA form found (name-only summary or city GASB format)
Langdon,3301940900,2024,3301940900_2024.pdf,text-form
Lebanon,3300941300,2022,3300941300_2022.pdf,no standard DRA form found (name-only summary or city GASB format)
Lee,3301741460,2025,3301741460_2025.pdf,no standard DRA form found (name-only summary or city GASB format)
Lincoln,3300941860,2025,3300941860_2025.pdf,scanned-ocr
Lisbon,3300942020,2025,3300942020_2025.pdf,no standard DRA form found (name-only summary or city GASB format)
Litchfield,3301142260,2024,3301142260_2024.pdf,no standard DRA form found (name-only summary or city GASB format)
Londonderry,3301543220,2024,3301543220_2024.pdf,no standard DRA form found (name-only summary or city GASB format)
Loudon,3301343380,2024,3301343380_2024.pdf,no standard DRA form found (name-only summary or city GASB format)
Lyman,3300944100,2025,3300944100_2025.pdf,text-form
Lyndeborough,3301144580,2024,3301144580_2024.pdf,text-form
Manchester,3301145140,2022,3301145140_2022.pdf,no standard DRA form found (name-only summary or city GASB format)
Marlborough,3300545460,2025,3300545460_2025.pdf,no standard DRA form found (name-only summary or city GASB format)
Marlow,3300545700,2025,3300545700_2025.pdf,no standard DRA form found (name-only summary or city GASB format)
Mason,3301146260,2025,3301146260_2025.pdf,no standard DRA form found (name-only summary or city GASB format)
Meredith,3300147140,2025,3300147140_2025.pdf,no standard DRA form found (name-only summary or city GASB format)
Merrimack,3301147540,2025,3301147540_2025.pdf,no standard DRA form found (name-only summary or city GASB format)
Middleton,3301747700,2025,3301747700_2025.pdf,scanned-ocr
Milan,3300747860,2025,3300747860_2025.pdf,no standard DRA form found (name-only summary or city GASB format)
Milton,3301748660,2025,3301748660_2025.pdf,text-form
Mont Vernon,3301149140,2024,3301149140_2024.pdf,skipped: PDF hangs parser (needs a page hint)
Nashua,3301150260,2023,3301150260_2023.pdf,timeout >120s
Nelson,3300550580,2025,3300550580_2025.pdf,no standard DRA form found (name-only summary or city GASB format)
New Castle,3301550980,2025,3301550980_2025.pdf,no standard DRA form found (name-only summary or city GASB format)
New Hampton,3300151540,2024,3300151540_2024.pdf,no standard DRA form found (name-only summary or city GASB format)
New Ipswich,3301151940,2025,3301151940_2025.pdf,no standard DRA form found (name-only summary or city GASB format)
New London,3301352100,2025,3301352100_2025.pdf,no standard DRA form found (name-only summary or city GASB format)
Newbury,3301350900,2024,3301350900_2024.pdf,no standard DRA form found (name-only summary or city GASB format)
Newington,3301551620,2024,3301551620_2024.pdf,no standard DRA form found (name-only summary or city GASB format)
Newmarket,3301552340,2025,3301552340_2025.pdf,no standard DRA form found (name-only summary or city GASB format)
Newton,3301552900,2025,3301552900_2025.pdf,no standard DRA form found (name-only summary or city GASB format)
North Hampton,3301554580,2025,3301554580_2025.pdf,no standard DRA form found (name-only summary or city GASB format)
Northfield,3301354260,2025,3301354260_2025.pdf,no standard DRA form found (name-only summary or city GASB format)
Northwood,3301556820,2025,3301556820_2025.pdf,text-form
Nottingham,3301557460,2025,3301557460_2025.pdf,no standard DRA form found (name-only summary or city GASB format)
Orange,3300958340,2025,3300958340_2025.pdf,text-form
Pelham,3301159940,2025,3301159940_2025.pdf,no standard DRA form found (name-only summary or city GASB format)
Peterborough,3301160580,2024,3301160580_2024.pdf,no standard DRA form found (name-only summary or city GASB format)
Piermont,3300961060,2024,3300961060_2024.pdf,no standard DRA form found (name-only summary or city GASB format)
Pittsburg,3300761780,2024,3300761780_2024.pdf,no standard DRA form found (name-only summary or city GASB format)
Pittsfield,3301361940,2025,3301361940_2025.pdf,scanned-ocr
Plainfield,3301962340,2025,3301962340_2025.pdf,timeout >120s
Plaistow,3301562500,2024,3301562500_2024.pdf,no standard DRA form found (name-only summary or city GASB format)
Portsmouth,3301562900,2024,3301562900_2024.pdf,no standard DRA form found (name-only summary or city GASB format)
Raymond,3301564020,2025,3301564020_2025.pdf,scanned-ocr
Rochester,3301765140,2023,3301765140_2023.pdf,no standard DRA form found (name-only summary or city GASB format)
Rollinsford,3301765540,2025,3301765540_2025.pdf,no standard DRA form found (name-only summary or city GASB format)
Roxbury,3300565700,2025,3300565700_2025.pdf,no standard DRA form found (name-only summary or city GASB format)
Rumney,3300965940,2025,3300965940_2025.pdf,no standard DRA form found (name-only summary or city GASB format)
Rye,3301566180,2024,3301566180_2024.pdf,no standard DRA form found (name-only summary or city GASB format)
Salem,3301566660,2024,3301566660_2024.pdf,no standard DRA form found (name-only summary or city GASB format)
Salisbury,3301366980,2025,3301366980_2025.pdf,no standard DRA form found (name-only summary or city GASB format)
Sandwich,3300367780,2024,3300367780_2024.pdf,no standard DRA form found (name-only summary or city GASB format)
Seabrook,3301568260,2024,3301568260_2024.pdf,no standard DRA form found (name-only summary or city GASB format)
Shelburne,3300768980,2025,3300768980_2025.pdf,no standard DRA form found (name-only summary or city GASB format)
Somersworth,3301769940,2024,3301769940_2024.pdf,no standard DRA form found (name-only summary or city GASB format)
South Hampton,3301571140,2025,3301571140_2025.pdf,no standard DRA form found (name-only summary or city GASB format)
Springfield,3301972740,2025,3301972740_2025.pdf,no standard DRA form found (name-only summary or city GASB format)
Stewartstown,3300773380,2025,3300773380_2025.pdf,no standard DRA form found (name-only summary or city GASB format)
Stratford,3300774180,2025,3300774180_2025.pdf,no standard DRA form found (name-only summary or city GASB format)
Sugar Hill,3300974740,2025,3300974740_2025.pdf,no standard DRA form found (name-only summary or city GASB format)
Sullivan,3300574900,2025,3300574900_2025.pdf,no standard DRA form found (name-only summary or city GASB format)
Sunapee,3301975060,2025,3301975060_2025.pdf,no standard DRA form found (name-only summary or city GASB format)
Surry,3300575300,2025,3300575300_2025.pdf,no standard DRA form found (name-only summary or city GASB format)
Swanzey,3300575700,2025,3300575700_2025.pdf,no standard DRA form found (name-only summary or city GASB format)
Tamworth,3300376100,2024,3300376100_2024.pdf,no standard DRA form found (name-only summary or city GASB format)
Temple,3301176260,2025,3301176260_2025.pdf,no standard DRA form found (name-only summary or city GASB format)
Thornton,3300976740,2024,3300976740_2024.pdf,no standard DRA form found (name-only summary or city GASB format)
Wakefield,3300378180,2024,3300378180_2024.pdf,scanned-ocr
Walpole,3300578420,2025,3300578420_2025.pdf,no standard DRA form found (name-only summary or city GASB format)
Washington,3301978980,2018,3301978980_2018.pdf,no standard DRA form found (name-only summary or city GASB format)
Waterville Valley,3300979380,2025,3300979380_2025.pdf,text-form
Whitefield,3300784420,2025,3300784420_2025.pdf,no standard DRA form found (name-only summary or city GASB format)
Winchester,3300585540,2023,3300585540_2023.pdf,scanned-ocr
