municipality,full_value_rate_official,local_total_rate,equalization_ratio,equalized_valuation_incl_util_rr,modified_local_assessed_value,rank,vintage,source
Acworth,14.53,27.04,53.8,229696664.0,123846016.0,118,2024,2024-comparison-of-full-value-tax-rates-ranking-order.pdf
Albany,5.68,9.14,62.4,223771174.0,138614150.0,13,2024,2024-comparison-of-full-value-tax-rates-ranking-order.pdf
Alexandria,12.49,19.03,66.1,455216734.0,300733421.0,81,2024,2024-comparison-of-full-value-tax-rates-ranking-order.pdf
Allenstown,19.68,25.42,78.9,676949959.0,533970466.0,205,2024,2024-comparison-of-full-value-tax-rates-ranking-order.pdf
Alstead,15.76,26.98,58.7,332574084.0,195339243.0,156,2024,2024-comparison-of-full-value-tax-rates-ranking-order.pdf
Alton,7.36,12.98,56.8,3948472073.0,2242305615.0,23,2024,2024-comparison-of-full-value-tax-rates-ranking-order.pdf
Amherst,15.8,22.93,69.5,3501616483.0,2431905276.0,157,2024,2024-comparison-of-full-value-tax-rates-ranking-order.pdf
Andover,14.69,14.64,101.0,567078768.0,572729323.0,125,2024,2024-comparison-of-full-value-tax-rates-ranking-order.pdf
Antrim,16.7,20.79,80.8,567112999.0,439025696.0,173,2024,2024-comparison-of-full-value-tax-rates-ranking-order.pdf
Ashland,14.99,18.39,82.0,555767560.0,455151865.0,131,2024,2024-comparison-of-full-value-tax-rates-ranking-order.pdf
Atkinson,10.31,12.92,80.4,2001497850.0,1609208023.0,51,2024,2024-comparison-of-full-value-tax-rates-ranking-order.pdf
Auburn,12.4,13.47,92.4,1578041137.0,1433323607.0,78,2024,2024-comparison-of-full-value-tax-rates-ranking-order.pdf
Barnstead,14.56,16.31,89.5,1209196428.0,1082374713.0,121,2024,2024-comparison-of-full-value-tax-rates-ranking-order.pdf
Barrington,15.15,17.59,87.0,2169228848.0,1886546518.0,140,2024,2024-comparison-of-full-value-tax-rates-ranking-order.pdf
Bartlett,4.74,5.58,85.2,2451485086.0,2087845542.0,10,2024,2024-comparison-of-full-value-tax-rates-ranking-order.pdf
Bath,15.02,23.43,64.7,253390885.0,155121479.0,134,2024,2024-comparison-of-full-value-tax-rates-ranking-order.pdf
Bedford,14.15,15.81,90.1,6962869576.0,6268838404.0,111,2024,2024-comparison-of-full-value-tax-rates-ranking-order.pdf
Belmont,14.61,15.74,93.8,1602422804.0,1502021206.0,123,2024,2024-comparison-of-full-value-tax-rates-ranking-order.pdf
Bennington,21.53,22.47,96.3,229189988.0,220703344.0,216,2024,2024-comparison-of-full-value-tax-rates-ranking-order.pdf
Benton,8.6,8.37,103.3,54083205.0,55110197.0,36,2024,2024-comparison-of-full-value-tax-rates-ranking-order.pdf
Berlin,23.42,30.89,76.8,1047509060.0,755423894.0,219,2024,2024-comparison-of-full-value-tax-rates-ranking-order.pdf
Bethlehem,14.09,17.18,82.5,640423392.0,526352069.0,108,2024,2024-comparison-of-full-value-tax-rates-ranking-order.pdf
Boscawen,17.48,19.26,91.1,591239475.0,530426960.0,185,2024,2024-comparison-of-full-value-tax-rates-ranking-order.pdf
Bow,18.24,19.78,97.9,2117663889.0,2073175398.0,193,2024,2024-comparison-of-full-value-tax-rates-ranking-order.pdf
Bradford,15.44,15.73,98.4,466486971.0,459010544.0,146,2024,2024-comparison-of-full-value-tax-rates-ranking-order.pdf
Brentwood,15.47,25.17,61.8,1229560179.0,759912876.0,147,2024,2024-comparison-of-full-value-tax-rates-ranking-order.pdf
Bridgewater,5.2,5.4,96.6,833474289.0,805161500.0,12,2024,2024-comparison-of-full-value-tax-rates-ranking-order.pdf
Bristol,11.49,23.62,48.8,1160895587.0,565099492.0,66,2024,2024-comparison-of-full-value-tax-rates-ranking-order.pdf
Brookfield,11.11,11.16,99.7,243285522.0,242558320.0,58,2024,2024-comparison-of-full-value-tax-rates-ranking-order.pdf
Brookline,21.41,22.61,95.8,1221827780.0,1170518417.0,214,2024,2024-comparison-of-full-value-tax-rates-ranking-order.pdf
Cambridge,1.74,2.81,60.4,20471581.0,12831740.0,2,2024,2024-comparison-of-full-value-tax-rates-ranking-order.pdf
Campton,15.95,17.22,93.2,926006743.0,862452849.0,160,2024,2024-comparison-of-full-value-tax-rates-ranking-order.pdf
Canaan,19.36,29.53,66.1,708052400.0,468048015.0,204,2024,2024-comparison-of-full-value-tax-rates-ranking-order.pdf
Candia,12.36,12.86,96.9,969481746.0,939436373.0,77,2024,2024-comparison-of-full-value-tax-rates-ranking-order.pdf
Canterbury,14.55,22.68,64.6,589665320.0,380735689.0,120,2024,2024-comparison-of-full-value-tax-rates-ranking-order.pdf
Carroll,8.89,11.9,74.9,854248923.0,638511084.0,41,2024,2024-comparison-of-full-value-tax-rates-ranking-order.pdf
Center Harbor,7.88,10.69,73.8,1038586902.0,766500535.0,27,2024,2024-comparison-of-full-value-tax-rates-ranking-order.pdf
Charlestown,20.94,36.36,58.0,600867891.0,346589286.0,211,2024,2024-comparison-of-full-value-tax-rates-ranking-order.pdf
Chatham,6.91,7.09,97.7,109880009.0,106493228.0,19,2024,2024-comparison-of-full-value-tax-rates-ranking-order.pdf
Chester,14.95,16.36,93.1,1254413026.0,1167919043.0,130,2024,2024-comparison-of-full-value-tax-rates-ranking-order.pdf
Chesterfield,12.55,20.24,62.3,1003301375.0,623672545.0,84,2024,2024-comparison-of-full-value-tax-rates-ranking-order.pdf
Chichester,15.7,17.33,91.0,612850942.0,557770628.0,152,2024,2024-comparison-of-full-value-tax-rates-ranking-order.pdf
Claremont,23.7,29.26,82.9,1532606364.0,1260251377.0,220,2024,2024-comparison-of-full-value-tax-rates-ranking-order.pdf
Clarksville,11.64,21.71,53.9,100024752.0,50121489.0,68,2024,2024-comparison-of-full-value-tax-rates-ranking-order.pdf
Colebrook,17.86,34.97,51.4,379708729.0,194222626.0,189,2024,2024-comparison-of-full-value-tax-rates-ranking-order.pdf
Columbia,10.51,22.28,48.2,185101228.0,89149176.0,53,2024,2024-comparison-of-full-value-tax-rates-ranking-order.pdf
Concord,17.05,27.69,62.4,8716671711.0,5407808354.0,179,2024,2024-comparison-of-full-value-tax-rates-ranking-order.pdf
Conway,9.66,11.32,85.8,3782415877.0,3244190600.0,48,2024,2024-comparison-of-full-value-tax-rates-ranking-order.pdf
Cornish,15.73,16.19,97.5,367066424.0,357444310.0,154,2024,2024-comparison-of-full-value-tax-rates-ranking-order.pdf
Croydon,10.64,14.99,71.5,176502241.0,126226933.0,54,2024,2024-comparison-of-full-value-tax-rates-ranking-order.pdf
Dalton,12.42,15.06,83.2,187755969.0,156249297.0,79,2024,2024-comparison-of-full-value-tax-rates-ranking-order.pdf
Danbury,14.29,22.0,65.1,280326488.0,182626497.0,114,2024,2024-comparison-of-full-value-tax-rates-ranking-order.pdf
Danville,13.92,22.11,63.6,944161438.0,600497558.0,106,2024,2024-comparison-of-full-value-tax-rates-ranking-order.pdf
Deerfield,15.04,24.61,61.8,1295834589.0,800809208.0,135,2024,2024-comparison-of-full-value-tax-rates-ranking-order.pdf
Deering,15.76,28.1,56.8,438408995.0,249094612.0,156,2024,2024-comparison-of-full-value-tax-rates-ranking-order.pdf
Derry,16.75,18.69,92.4,6256276413.0,5775178335.0,174,2024,2024-comparison-of-full-value-tax-rates-ranking-order.pdf
Dorchester,15.25,14.9,102.6,87917796.0,90135345.0,141,2024,2024-comparison-of-full-value-tax-rates-ranking-order.pdf
Dover,16.31,18.17,93.0,7157772360.0,6647139470.0,168,2024,2024-comparison-of-full-value-tax-rates-ranking-order.pdf
Dublin,17.94,17.99,100.0,479366432.0,478520652.0,190,2024,2024-comparison-of-full-value-tax-rates-ranking-order.pdf
Dummer,9.39,8.72,113.7,163316758.0,185503822.0,46,2024,2024-comparison-of-full-value-tax-rates-ranking-order.pdf
Dunbarton,14.79,26.38,56.4,760530241.0,426297249.0,126,2024,2024-comparison-of-full-value-tax-rates-ranking-order.pdf
Durham,15.58,20.33,77.6,2489181140.0,1882902391.0,149,2024,2024-comparison-of-full-value-tax-rates-ranking-order.pdf
East Kingston,16.26,16.13,101.3,614763921.0,622748864.0,167,2024,2024-comparison-of-full-value-tax-rates-ranking-order.pdf
Easton,7.66,13.91,55.2,141848155.0,78078765.0,25,2024,2024-comparison-of-full-value-tax-rates-ranking-order.pdf
Eaton,8.44,12.81,65.9,223792984.0,147574711.0,33,2024,2024-comparison-of-full-value-tax-rates-ranking-order.pdf
Effingham,16.58,27.52,60.5,360747113.0,218220842.0,171,2024,2024-comparison-of-full-value-tax-rates-ranking-order.pdf
Ellsworth,8.46,15.21,55.7,36638939.0,20177094.0,34,2024,2024-comparison-of-full-value-tax-rates-ranking-order.pdf
Enfield,15.0,16.91,92.7,1158550240.0,1074048992.0,132,2024,2024-comparison-of-full-value-tax-rates-ranking-order.pdf
Epping,15.08,25.23,60.2,1756680313.0,1043374996.0,139,2024,2024-comparison-of-full-value-tax-rates-ranking-order.pdf
Epsom,14.16,26.64,53.4,983168401.0,524294606.0,112,2024,2024-comparison-of-full-value-tax-rates-ranking-order.pdf
Errol,7.81,9.22,85.6,166806731.0,140846397.0,26,2024,2024-comparison-of-full-value-tax-rates-ranking-order.pdf
Exeter,15.75,17.79,93.7,3929989978.0,3680184775.0,155,2024,2024-comparison-of-full-value-tax-rates-ranking-order.pdf
Farmington,14.0,14.88,96.8,1097961021.0,1060890628.0,107,2024,2024-comparison-of-full-value-tax-rates-ranking-order.pdf
Fitzwilliam,16.13,18.27,89.4,563621919.0,503820581.0,164,2024,2024-comparison-of-full-value-tax-rates-ranking-order.pdf
Francestown,16.07,16.06,100.3,409631401.0,410856706.0,163,2024,2024-comparison-of-full-value-tax-rates-ranking-order.pdf
Franconia,9.16,15.98,57.4,753148979.0,431793949.0,45,2024,2024-comparison-of-full-value-tax-rates-ranking-order.pdf
Franklin,13.18,17.15,78.8,1477866097.0,1162256462.0,92,2024,2024-comparison-of-full-value-tax-rates-ranking-order.pdf
Freedom,7.19,7.18,100.3,1180099390.0,1183636840.0,21,2024,2024-comparison-of-full-value-tax-rates-ranking-order.pdf
Fremont,15.75,26.37,60.0,945984871.0,567613298.0,155,2024,2024-comparison-of-full-value-tax-rates-ranking-order.pdf
Gilford,9.1,11.25,81.0,4372112622.0,3535682840.0,43,2024,2024-comparison-of-full-value-tax-rates-ranking-order.pdf
Gilmanton,14.88,14.74,101.2,1048342023.0,1060799201.0,129,2024,2024-comparison-of-full-value-tax-rates-ranking-order.pdf
Gilsum,14.54,14.54,100.8,137636168.0,138733135.0,119,2024,2024-comparison-of-full-value-tax-rates-ranking-order.pdf
Goffstown,17.42,20.44,86.2,3214362283.0,2766513000.0,184,2024,2024-comparison-of-full-value-tax-rates-ranking-order.pdf
Gorham,21.4,28.29,76.4,512725453.0,386895955.0,213,2024,2024-comparison-of-full-value-tax-rates-ranking-order.pdf
Goshen,12.56,23.32,54.0,157962507.0,85329277.0,85,2024,2024-comparison-of-full-value-tax-rates-ranking-order.pdf
Grafton,16.86,30.6,55.3,258902441.0,143280266.0,176,2024,2024-comparison-of-full-value-tax-rates-ranking-order.pdf
Grantham,14.32,19.61,73.2,1049072054.0,767953252.0,115,2024,2024-comparison-of-full-value-tax-rates-ranking-order.pdf
Green's Grant,4.02,6.69,60.4,15273703.0,9155890.0,7,2024,2024-comparison-of-full-value-tax-rates-ranking-order.pdf
Greenfield,22.1,22.25,99.8,329484428.0,319523745.0,218,2024,2024-comparison-of-full-value-tax-rates-ranking-order.pdf
Greenland,11.06,12.99,85.6,1656203552.0,1417775500.0,57,2024,2024-comparison-of-full-value-tax-rates-ranking-order.pdf
Greenville,15.07,16.73,90.4,255566065.0,228384322.0,138,2024,2024-comparison-of-full-value-tax-rates-ranking-order.pdf
Groton,6.54,9.69,68.7,281608174.0,110511069.0,18,2024,2024-comparison-of-full-value-tax-rates-ranking-order.pdf
Hale's Location,1.94,3.53,55.2,151701278.0,83709800.0,3,2024,2024-comparison-of-full-value-tax-rates-ranking-order.pdf
Hampstead,17.08,18.54,93.1,2257818987.0,2099742709.0,180,2024,2024-comparison-of-full-value-tax-rates-ranking-order.pdf
Hampton,11.22,12.32,91.9,6659861442.0,6120420200.0,61,2024,2024-comparison-of-full-value-tax-rates-ranking-order.pdf
Hampton Falls,12.79,14.32,89.7,981522586.0,880240835.0,88,2024,2024-comparison-of-full-value-tax-rates-ranking-order.pdf
Hancock,14.84,25.11,59.5,513028888.0,303610865.0,128,2024,2024-comparison-of-full-value-tax-rates-ranking-order.pdf
Hanover,11.06,17.68,62.6,4372617585.0,2736203395.0,57,2024,2024-comparison-of-full-value-tax-rates-ranking-order.pdf
Harrisville,11.2,12.04,93.1,376247143.0,350084516.0,60,2024,2024-comparison-of-full-value-tax-rates-ranking-order.pdf
Hart's Location,2.37,2.81,86.0,25223383.0,21405197.0,4,2024,2024-comparison-of-full-value-tax-rates-ranking-order.pdf
Haverhill,18.34,19.44,94.6,747491598.0,704980962.0,194,2024,2024-comparison-of-full-value-tax-rates-ranking-order.pdf
Hebron,4.41,6.99,63.2,666619186.0,413357466.0,8,2024,2024-comparison-of-full-value-tax-rates-ranking-order.pdf
Henniker,20.34,23.9,86.1,879140612.0,753826574.0,208,2024,2024-comparison-of-full-value-tax-rates-ranking-order.pdf
Hill,13.68,13.46,102.0,201869063.0,203365970.0,101,2024,2024-comparison-of-full-value-tax-rates-ranking-order.pdf
Hillsborough,17.58,33.44,53.0,1141697614.0,605057258.0,186,2024,2024-comparison-of-full-value-tax-rates-ranking-order.pdf
Hinsdale,21.47,29.39,74.3,595005772.0,442142860.0,215,2024,2024-comparison-of-full-value-tax-rates-ranking-order.pdf
Holderness,6.42,8.65,74.7,1897636307.0,1417814770.0,16,2024,2024-comparison-of-full-value-tax-rates-ranking-order.pdf
Hollis,14.5,17.73,82.4,2822539225.0,2325855286.0,117,2024,2024-comparison-of-full-value-tax-rates-ranking-order.pdf
Hooksett,14.59,16.96,87.9,3698491946.0,3247172893.0,122,2024,2024-comparison-of-full-value-tax-rates-ranking-order.pdf
Hopkinton,21.18,21.89,100.4,1451916855.0,1445822564.0,212,2024,2024-comparison-of-full-value-tax-rates-ranking-order.pdf
Hudson,13.24,16.45,81.4,6213444156.0,5057101711.0,93,2024,2024-comparison-of-full-value-tax-rates-ranking-order.pdf
Jackson,6.44,6.75,95.6,886510933.0,846579937.0,17,2024,2024-comparison-of-full-value-tax-rates-ranking-order.pdf
Jaffrey,16.77,32.8,53.7,1048388875.0,563034742.0,175,2024,2024-comparison-of-full-value-tax-rates-ranking-order.pdf
Jefferson,12.52,19.99,63.0,262994953.0,165549711.0,83,2024,2024-comparison-of-full-value-tax-rates-ranking-order.pdf
Keene,21.6,33.07,66.8,3502617450.0,2304848831.0,217,2024,2024-comparison-of-full-value-tax-rates-ranking-order.pdf
Kensington,12.68,13.21,96.9,713362325.0,691276772.0,87,2024,2024-comparison-of-full-value-tax-rates-ranking-order.pdf
Kingston,15.01,16.61,91.3,1523871630.0,1391170426.0,133,2024,2024-comparison-of-full-value-tax-rates-ranking-order.pdf
Laconia,11.88,13.63,88.3,5091989954.0,4464657531.0,71,2024,2024-comparison-of-full-value-tax-rates-ranking-order.pdf
Lancaster,16.0,19.18,83.8,542522426.0,450736614.0,161,2024,2024-comparison-of-full-value-tax-rates-ranking-order.pdf
Landaff,15.32,25.87,59.5,102645646.0,60796298.0,143,2024,2024-comparison-of-full-value-tax-rates-ranking-order.pdf
Langdon,18.66,28.12,66.6,116259783.0,77433129.0,198,2024,2024-comparison-of-full-value-tax-rates-ranking-order.pdf
Lebanon,18.75,26.28,72.9,3938963591.0,2780468345.0,199,2024,2024-comparison-of-full-value-tax-rates-ranking-order.pdf
Lee,18.44,25.77,72.6,1028205671.0,746347621.0,197,2024,2024-comparison-of-full-value-tax-rates-ranking-order.pdf
Lempster,15.51,28.86,54.0,281546138.0,133359238.0,148,2024,2024-comparison-of-full-value-tax-rates-ranking-order.pdf
Lincoln,7.35,11.68,63.1,2095327806.0,1320660324.0,22,2024,2024-comparison-of-full-value-tax-rates-ranking-order.pdf
Lisbon,18.77,19.98,94.4,242704911.0,229194194.0,200,2024,2024-comparison-of-full-value-tax-rates-ranking-order.pdf
Litchfield,13.37,20.78,64.9,1898061434.0,1230631320.0,95,2024,2024-comparison-of-full-value-tax-rates-ranking-order.pdf
Littleton,13.63,24.94,55.9,1577577858.0,875693086.0,99,2024,2024-comparison-of-full-value-tax-rates-ranking-order.pdf
Londonderry,13.72,16.14,86.3,7522892794.0,6437647763.0,103,2024,2024-comparison-of-full-value-tax-rates-ranking-order.pdf
Loudon,13.4,23.25,58.0,1264552232.0,729104703.0,96,2024,2024-comparison-of-full-value-tax-rates-ranking-order.pdf
Lyman,11.19,21.65,51.9,149901246.0,77914042.0,59,2024,2024-comparison-of-full-value-tax-rates-ranking-order.pdf
Lyme,18.36,27.5,67.9,619315892.0,419589800.0,195,2024,2024-comparison-of-full-value-tax-rates-ranking-order.pdf
Lyndeborough,14.84,25.86,57.7,390940553.0,225705282.0,128,2024,2024-comparison-of-full-value-tax-rates-ranking-order.pdf
Madbury,18.41,29.19,64.1,486516161.0,311867769.0,196,2024,2024-comparison-of-full-value-tax-rates-ranking-order.pdf
Madison,8.14,15.77,51.8,1185297325.0,613061561.0,30,2024,2024-comparison-of-full-value-tax-rates-ranking-order.pdf
Manchester,13.3,19.58,68.7,19582348514.0,13401719267.0,94,2024,2024-comparison-of-full-value-tax-rates-ranking-order.pdf
Marlborough,18.02,28.73,62.9,357979754.0,223948743.0,191,2024,2024-comparison-of-full-value-tax-rates-ranking-order.pdf
Marlow,19.2,31.0,62.2,121161254.0,75208325.0,203,2024,2024-comparison-of-full-value-tax-rates-ranking-order.pdf
Martin's Location,15.75,26.07,60.4,1104635.0,591900.0,155,2024,2024-comparison-of-full-value-tax-rates-ranking-order.pdf
Mason,15.38,25.55,60.4,360521332.0,217799086.0,145,2024,2024-comparison-of-full-value-tax-rates-ranking-order.pdf
Meredith,8.61,10.26,84.1,4670382751.0,3916259153.0,37,2024,2024-comparison-of-full-value-tax-rates-ranking-order.pdf
Merrimack,14.27,20.69,69.5,7206230416.0,5007941464.0,113,2024,2024-comparison-of-full-value-tax-rates-ranking-order.pdf
Middleton,13.66,15.54,88.4,416790941.0,368503699.0,100,2024,2024-comparison-of-full-value-tax-rates-ranking-order.pdf
Milan,13.63,23.33,59.2,259537014.0,153579186.0,99,2024,2024-comparison-of-full-value-tax-rates-ranking-order.pdf
Milford,15.86,23.67,67.5,3106656496.0,2094412219.0,158,2024,2024-comparison-of-full-value-tax-rates-ranking-order.pdf
Milton,13.69,13.95,98.9,970442754.0,958833884.0,102,2024,2024-comparison-of-full-value-tax-rates-ranking-order.pdf
Monroe,8.07,10.66,83.2,717701568.0,597283893.0,29,2024,2024-comparison-of-full-value-tax-rates-ranking-order.pdf
Mont Vernon,19.15,19.76,97.4,578567812.0,563539226.0,202,2024,2024-comparison-of-full-value-tax-rates-ranking-order.pdf
Moultonborough,4.95,5.65,87.8,7224593510.0,6336332532.0,11,2024,2024-comparison-of-full-value-tax-rates-ranking-order.pdf
Nashua,14.62,15.9,93.8,17997701987.0,16806394706.0,124,2024,2024-comparison-of-full-value-tax-rates-ranking-order.pdf
Nelson,13.17,17.71,74.6,227053515.0,169228481.0,91,2024,2024-comparison-of-full-value-tax-rates-ranking-order.pdf
New Boston,17.02,23.79,71.9,1339653896.0,963327741.0,178,2024,2024-comparison-of-full-value-tax-rates-ranking-order.pdf
New Castle,3.64,5.39,67.5,1603489529.0,1082355929.0,5,2024,2024-comparison-of-full-value-tax-rates-ranking-order.pdf
New Durham,11.73,19.43,60.5,1057460303.0,639977460.0,69,2024,2024-comparison-of-full-value-tax-rates-ranking-order.pdf
New Hampton,11.46,13.25,87.3,680109257.0,591895576.0,64,2024,2024-comparison-of-full-value-tax-rates-ranking-order.pdf
New Ipswich,14.5,15.22,95.8,913667343.0,875350506.0,117,2024,2024-comparison-of-full-value-tax-rates-ranking-order.pdf
New London,8.95,11.61,77.3,2676664592.0,2069211739.0,42,2024,2024-comparison-of-full-value-tax-rates-ranking-order.pdf
Newbury,9.73,10.02,97.2,1729942035.0,1677549480.0,49,2024,2024-comparison-of-full-value-tax-rates-ranking-order.pdf
Newfields,14.29,16.09,89.4,514010756.0,459551015.0,114,2024,2024-comparison-of-full-value-tax-rates-ranking-order.pdf
Newington,7.44,7.88,99.2,1284727165.0,1271862730.0,24,2024,2024-comparison-of-full-value-tax-rates-ranking-order.pdf
Newmarket,16.21,17.2,94.8,1819315034.0,1723310237.0,165,2024,2024-comparison-of-full-value-tax-rates-ranking-order.pdf
Newport,20.93,24.31,87.0,863235086.0,747430965.0,210,2024,2024-comparison-of-full-value-tax-rates-ranking-order.pdf
Newton,15.69,25.37,62.2,1063477634.0,661492348.0,151,2024,2024-comparison-of-full-value-tax-rates-ranking-order.pdf
North Hampton,10.46,12.8,82.4,2191943053.0,1806185400.0,52,2024,2024-comparison-of-full-value-tax-rates-ranking-order.pdf
Northfield,11.92,14.77,84.7,740103789.0,622489717.0,72,2024,2024-comparison-of-full-value-tax-rates-ranking-order.pdf
Northumberland,16.13,22.44,73.6,327834358.0,239492158.0,164,2024,2024-comparison-of-full-value-tax-rates-ranking-order.pdf
Northwood,12.62,15.57,82.1,1185593387.0,973050227.0,86,2024,2024-comparison-of-full-value-tax-rates-ranking-order.pdf
Nottingham,12.43,20.46,61.5,1386462671.0,852533701.0,80,2024,2024-comparison-of-full-value-tax-rates-ranking-order.pdf
Odell,3.8,6.07,60.4,6510974.0,3470646.0,6,2024,2024-comparison-of-full-value-tax-rates-ranking-order.pdf
Orange,16.64,26.0,64.2,58271331.0,37343574.0,172,2024,2024-comparison-of-full-value-tax-rates-ranking-order.pdf
Orford,20.03,34.75,57.7,282117349.0,162748550.0,206,2024,2024-comparison-of-full-value-tax-rates-ranking-order.pdf
Ossipee,11.01,11.6,95.3,1616220412.0,1540153570.0,56,2024,2024-comparison-of-full-value-tax-rates-ranking-order.pdf
Pelham,14.11,18.34,77.6,3618001320.0,2805058543.0,109,2024,2024-comparison-of-full-value-tax-rates-ranking-order.pdf
Pembroke,18.9,19.64,96.5,1285029122.0,1234171195.0,201,2024,2024-comparison-of-full-value-tax-rates-ranking-order.pdf
Peterborough,20.86,32.5,70.6,1353883827.0,952384175.0,209,2024,2024-comparison-of-full-value-tax-rates-ranking-order.pdf
Piermont,17.2,22.48,76.8,173314584.0,133068176.0,181,2024,2024-comparison-of-full-value-tax-rates-ranking-order.pdf
Pinkham's Grant,8.06,13.66,60.4,8333553.0,2961230.0,28,2024,2024-comparison-of-full-value-tax-rates-ranking-order.pdf
Pittsburg,8.85,9.6,92.5,657678126.0,601104455.0,40,2024,2024-comparison-of-full-value-tax-rates-ranking-order.pdf
Pittsfield,16.99,29.87,57.2,640645287.0,365939847.0,177,2024,2024-comparison-of-full-value-tax-rates-ranking-order.pdf
Plainfield,17.58,17.6,100.9,546779815.0,551666633.0,186,2024,2024-comparison-of-full-value-tax-rates-ranking-order.pdf
Plaistow,15.35,20.72,74.8,1876510247.0,1403630456.0,144,2024,2024-comparison-of-full-value-tax-rates-ranking-order.pdf
Plymouth,20.09,25.12,80.2,935554262.0,747740068.0,207,2024,2024-comparison-of-full-value-tax-rates-ranking-order.pdf
Portsmouth,10.64,11.18,96.0,10657151131.0,10137278797.0,54,2024,2024-comparison-of-full-value-tax-rates-ranking-order.pdf
Randolph,11.93,11.14,108.1,128044516.0,137554191.0,73,2024,2024-comparison-of-full-value-tax-rates-ranking-order.pdf
Raymond,14.39,21.91,66.6,2072596187.0,1379910566.0,116,2024,2024-comparison-of-full-value-tax-rates-ranking-order.pdf
Richmond,13.61,17.86,76.6,225732093.0,173033425.0,98,2024,2024-comparison-of-full-value-tax-rates-ranking-order.pdf
Rindge,13.83,25.31,55.2,1402337575.0,773508251.0,105,2024,2024-comparison-of-full-value-tax-rates-ranking-order.pdf
Rochester,13.92,14.85,97.4,5546851049.0,5323486993.0,106,2024,2024-comparison-of-full-value-tax-rates-ranking-order.pdf
Rollinsford,13.66,16.41,83.4,592380518.0,492099849.0,100,2024,2024-comparison-of-full-value-tax-rates-ranking-order.pdf
Roxbury,16.4,15.64,105.2,46895117.0,43482235.0,169,2024,2024-comparison-of-full-value-tax-rates-ranking-order.pdf
Rumney,14.32,14.44,99.6,376956683.0,375092027.0,115,2024,2024-comparison-of-full-value-tax-rates-ranking-order.pdf
Rye,6.14,8.66,71.0,4640972889.0,3291887400.0,15,2024,2024-comparison-of-full-value-tax-rates-ranking-order.pdf
Salem,12.51,17.6,71.6,9345870174.0,6686561702.0,82,2024,2024-comparison-of-full-value-tax-rates-ranking-order.pdf
Salisbury,13.04,16.21,81.2,316286564.0,252982952.0,89,2024,2024-comparison-of-full-value-tax-rates-ranking-order.pdf
Sanbornton,11.57,12.81,90.5,1068992908.0,966069841.0,67,2024,2024-comparison-of-full-value-tax-rates-ranking-order.pdf
Sandown,15.05,17.72,85.8,1359179103.0,1166194000.0,136,2024,2024-comparison-of-full-value-tax-rates-ranking-order.pdf
Sandwich,8.7,9.05,96.4,847387369.0,816061391.0,38,2024,2024-comparison-of-full-value-tax-rates-ranking-order.pdf
Seabrook,9.97,11.72,89.3,5177539871.0,4623544662.0,50,2024,2024-comparison-of-full-value-tax-rates-ranking-order.pdf
Sharon,14.8,15.36,96.4,109575016.0,105655908.0,127,2024,2024-comparison-of-full-value-tax-rates-ranking-order.pdf
Shelburne,12.11,18.95,65.3,123075206.0,79966237.0,74,2024,2024-comparison-of-full-value-tax-rates-ranking-order.pdf
Somersworth,17.67,18.7,95.0,2041702976.0,1928557480.0,187,2024,2024-comparison-of-full-value-tax-rates-ranking-order.pdf
South Hampton,12.52,13.8,91.4,296171082.0,270767721.0,83,2024,2024-comparison-of-full-value-tax-rates-ranking-order.pdf
Springfield,14.27,23.66,60.6,410501440.0,248534662.0,113,2024,2024-comparison-of-full-value-tax-rates-ranking-order.pdf
Stark,8.55,10.86,79.7,198733325.0,157611198.0,35,2024,2024-comparison-of-full-value-tax-rates-ranking-order.pdf
Stewartstown,13.48,15.98,84.9,240089339.0,204044347.0,97,2024,2024-comparison-of-full-value-tax-rates-ranking-order.pdf
Stoddard,10.84,11.76,92.8,497940366.0,462126040.0,55,2024,2024-comparison-of-full-value-tax-rates-ranking-order.pdf
Strafford,12.12,19.76,61.5,1187282863.0,730295100.0,75,2024,2024-comparison-of-full-value-tax-rates-ranking-order.pdf
Stratford,15.06,28.51,53.8,185388711.0,99382126.0,137,2024,2024-comparison-of-full-value-tax-rates-ranking-order.pdf
Stratham,12.35,13.12,94.5,2725468772.0,2575591486.0,76,2024,2024-comparison-of-full-value-tax-rates-ranking-order.pdf
Sugar Hill,11.35,11.49,99.0,331562211.0,328252684.0,63,2024,2024-comparison-of-full-value-tax-rates-ranking-order.pdf
Sullivan,17.75,18.09,98.7,120875105.0,119312090.0,188,2024,2024-comparison-of-full-value-tax-rates-ranking-order.pdf
Sunapee,8.24,10.01,82.5,2932501794.0,2419382716.0,31,2024,2024-comparison-of-full-value-tax-rates-ranking-order.pdf
Surry,14.5,16.82,86.5,163850800.0,138863072.0,117,2024,2024-comparison-of-full-value-tax-rates-ranking-order.pdf
Sutton,15.04,26.94,56.1,593406841.0,332978078.0,135,2024,2024-comparison-of-full-value-tax-rates-ranking-order.pdf
Swanzey,17.38,19.06,92.9,1102046352.0,1021278002.0,183,2024,2024-comparison-of-full-value-tax-rates-ranking-order.pdf
Tamworth,14.14,14.43,98.4,744697730.0,726834263.0,110,2024,2024-comparison-of-full-value-tax-rates-ranking-order.pdf
Temple,16.23,15.99,101.7,293393761.0,298348767.0,166,2024,2024-comparison-of-full-value-tax-rates-ranking-order.pdf
Thompson & Meserve's,1.18,1.97,60.4,15498711.0,8982460.0,1,2024,2024-comparison-of-full-value-tax-rates-ranking-order.pdf
Thornton,11.47,11.37,101.1,956318325.0,966363557.0,65,2024,2024-comparison-of-full-value-tax-rates-ranking-order.pdf
Tilton,10.46,10.8,97.3,1109924898.0,1079564801.0,52,2024,2024-comparison-of-full-value-tax-rates-ranking-order.pdf
Troy,15.72,18.59,85.5,305348791.0,261104045.0,153,2024,2024-comparison-of-full-value-tax-rates-ranking-order.pdf
Tuftonboro,5.83,7.62,76.6,2469496808.0,1891773240.0,14,2024,2024-comparison-of-full-value-tax-rates-ranking-order.pdf
Unity,17.26,17.43,99.2,249892681.0,247906431.0,182,2024,2024-comparison-of-full-value-tax-rates-ranking-order.pdf
Wakefield,7.17,7.52,95.5,2384853162.0,2277079490.0,20,2024,2024-comparison-of-full-value-tax-rates-ranking-order.pdf
Walpole,15.66,17.11,92.1,824193874.0,759107443.0,150,2024,2024-comparison-of-full-value-tax-rates-ranking-order.pdf
Warner,16.47,30.89,53.9,629821988.0,339149527.0,170,2024,2024-comparison-of-full-value-tax-rates-ranking-order.pdf
Warren,13.78,22.75,61.2,181337547.0,110716497.0,104,2024,2024-comparison-of-full-value-tax-rates-ranking-order.pdf
Washington,11.25,15.24,73.9,505408222.0,373584855.0,62,2024,2024-comparison-of-full-value-tax-rates-ranking-order.pdf
Waterville Valley,9.11,9.04,100.9,723210114.0,728495510.0,44,2024,2024-comparison-of-full-value-tax-rates-ranking-order.pdf
Weare,14.29,20.39,70.5,1854249543.0,1305227191.0,114,2024,2024-comparison-of-full-value-tax-rates-ranking-order.pdf
Webster,13.16,15.53,85.3,448009653.0,380114126.0,90,2024,2024-comparison-of-full-value-tax-rates-ranking-order.pdf
Wentworth,11.79,22.2,53.3,248476922.0,132557249.0,70,2024,2024-comparison-of-full-value-tax-rates-ranking-order.pdf
Wentworth's Location,4.6,7.56,60.4,23015338.0,14033628.0,9,2024,2024-comparison-of-full-value-tax-rates-ranking-order.pdf
Westmoreland,16.01,23.06,70.0,292213643.0,204594546.0,162,2024,2024-comparison-of-full-value-tax-rates-ranking-order.pdf
Whitefield,15.88,16.4,97.4,445926807.0,431724284.0,159,2024,2024-comparison-of-full-value-tax-rates-ranking-order.pdf
Wilmot,15.3,25.6,60.0,389923410.0,234017244.0,142,2024,2024-comparison-of-full-value-tax-rates-ranking-order.pdf
Wilton,18.2,24.87,73.5,778848819.0,572092325.0,192,2024,2024-comparison-of-full-value-tax-rates-ranking-order.pdf
Winchester,16.64,29.25,57.6,593821462.0,340396297.0,172,2024,2024-comparison-of-full-value-tax-rates-ranking-order.pdf
Windham,13.37,22.64,59.4,5397097049.0,3205426200.0,95,2024,2024-comparison-of-full-value-tax-rates-ranking-order.pdf
Windsor,8.76,13.56,64.6,58398673.0,37770789.0,39,2024,2024-comparison-of-full-value-tax-rates-ranking-order.pdf
Wolfeboro,8.27,15.9,52.1,4765416784.0,2481617637.0,32,2024,2024-comparison-of-full-value-tax-rates-ranking-order.pdf
Woodstock,9.47,20.32,46.8,631829427.0,294432922.0,47,2024,2024-comparison-of-full-value-tax-rates-ranking-order.pdf
