district_id,year,cpp_elementary,cpp_middle,cpp_high,cpp_total
725,2013,0.0,5479.0,5456.0,5461.0
5,2013,0.0,0.0,0.0,0.0
9,2013,15051.0,0.0,0.0,15051.0
15,2013,14424.0,0.0,0.0,14424.0
17,2013,17983.0,16579.0,0.0,17193.0
19,2013,11886.0,0.0,0.0,11886.0
23,2013,16653.0,0.0,0.0,16653.0
29,2013,11054.0,0.0,0.0,11054.0
31,2013,13125.0,0.0,0.0,13125.0
33,2013,13226.0,11451.0,0.0,12376.0
35,2013,21042.0,0.0,0.0,21042.0
39,2013,15027.0,0.0,0.0,15027.0
41,2013,12045.0,10771.0,11147.0,11540.0
47,2013,0.0,0.0,0.0,0.0
51,2013,14338.0,12225.0,14519.0,13825.0
53,2013,16943.0,0.0,0.0,16943.0
57,2013,16478.0,13436.0,18020.0,15974.0
63,2013,12995.0,0.0,0.0,12995.0
71,2013,13101.0,0.0,0.0,13101.0
723,2013,0.0,0.0,2995.0,2995.0
75,2013,15500.0,0.0,0.0,15500.0
79,2013,11713.0,0.0,0.0,11713.0
91,2013,0.0,0.0,0.0,0.0
93,2013,11212.0,0.0,0.0,11212.0
95,2013,16725.0,0.0,0.0,16725.0
99,2013,14239.0,0.0,0.0,14239.0
101,2013,14606.0,14213.0,17288.0,15394.0
103,2013,0.0,0.0,0.0,0.0
707,2013,0.0,0.0,8258.0,8258.0
105,2013,13404.0,0.0,16765.0,14524.0
107,2013,0.0,0.0,0.0,0.0
111,2013,14024.0,12440.0,12027.0,12897.0
112,2013,16884.0,16309.0,16142.0,16433.0
113,2013,15107.0,15717.0,12514.0,14000.0
114,2013,0.0,0.0,0.0,0.0
115,2013,18959.0,0.0,0.0,18959.0
117,2013,10279.0,0.0,0.0,10279.0
127,2013,16335.0,0.0,0.0,16335.0
131,2013,13194.0,12688.0,0.0,13006.0
141,2013,9806.0,9379.0,11642.0,10322.0
142,2013,16149.0,0.0,17012.0,16704.0
147,2013,0.0,0.0,0.0,0.0
149,2013,13264.0,0.0,0.0,13264.0
153,2013,14079.0,0.0,0.0,14079.0
159,2013,0.0,0.0,0.0,0.0
162,2013,0.0,0.0,0.0,0.0
165,2013,13551.0,14314.0,14702.0,14047.0
167,2013,13375.0,0.0,0.0,13375.0
171,2013,25484.0,0.0,0.0,25484.0
173,2013,14556.0,0.0,0.0,14556.0
172,2013,0.0,11980.0,12405.0,12224.0
174,2013,15036.0,0.0,13754.0,14598.0
175,2013,12552.0,0.0,10404.0,11818.0
185,2013,8370.0,10920.0,11285.0,10072.0
187,2013,23128.0,0.0,0.0,23128.0
189,2013,13727.0,0.0,0.0,13727.0
191,2013,16872.0,16037.0,16247.0,16373.0
195,2013,12260.0,0.0,0.0,12260.0
199,2013,12086.0,10974.0,11463.0,11476.0
203,2013,15253.0,15743.0,15853.0,15565.0
207,2013,17199.0,0.0,0.0,17199.0
208,2013,17181.0,16942.0,15391.0,16503.0
211,2013,15049.0,0.0,0.0,15049.0
709,2013,0.0,8846.0,8980.0,8968.0
215,2013,12860.0,0.0,0.0,12860.0
222,2013,0.0,0.0,0.0,0.0
223,2013,16103.0,17012.0,0.0,16532.0
225,2013,13118.0,14899.0,0.0,13705.0
227,2013,17103.0,0.0,0.0,17103.0
233,2013,18580.0,0.0,0.0,18580.0
235,2013,31064.0,0.0,0.0,31064.0
236,2013,0.0,0.0,0.0,0.0
238,2013,14305.0,13779.0,17368.0,15122.0
245,2013,15526.0,0.0,0.0,15526.0
247,2013,12592.0,0.0,0.0,12592.0
251,2013,15538.0,15613.0,16719.0,15933.0
255,2013,15048.0,16689.0,18686.0,16516.0
257,2013,18659.0,0.0,0.0,18659.0
260,2013,0.0,12802.0,11812.0,12138.0
259,2013,15053.0,0.0,0.0,15053.0
261,2013,11068.0,12124.0,0.0,11440.0
263,2013,15568.0,17235.0,16231.0,16042.0
267,2013,10093.0,9791.0,10600.0,10204.0
269,2013,17280.0,0.0,18371.0,17632.0
271,2013,21358.0,0.0,0.0,21358.0
274,2013,12649.0,12833.0,13046.0,12814.0
275,2013,0.0,0.0,15788.0,15788.0
276,2013,15771.0,15958.0,16545.0,16063.0
279,2013,16923.0,13963.0,13786.0,14975.0
281,2013,15692.0,0.0,0.0,15692.0
285,2013,12628.0,14876.0,16519.0,14370.0
288,2013,21604.0,0.0,0.0,21604.0
291,2013,13748.0,0.0,0.0,13748.0
295,2013,18109.0,17711.0,16020.0,17176.0
719,2013,0.0,0.0,5515.0,5515.0
305,2013,16092.0,16650.0,19884.0,17378.0
306,2013,15588.0,13669.0,14267.0,14612.0
315,2013,11749.0,11324.0,13278.0,12128.0
317,2013,15438.0,16613.0,21168.0,17435.0
319,2013,14771.0,12202.0,12744.0,13396.0
327,2013,16043.0,0.0,0.0,16043.0
333,2013,21610.0,0.0,0.0,21610.0
733,2013,0.0,7029.0,9237.0,8565.0
335,2013,10718.0,10853.0,9716.0,10394.0
339,2013,16093.0,0.0,0.0,16093.0
341,2013,17668.0,0.0,0.0,17668.0
342,2013,10782.0,11191.0,12550.0,11476.0
343,2013,15194.0,0.0,15915.0,15413.0
345,2013,15106.0,0.0,0.0,15106.0
351,2013,13658.0,13656.0,13039.0,13440.0
352,2013,12542.0,11481.0,11628.0,11980.0
353,2013,0.0,0.0,0.0,0.0
355,2013,12721.0,0.0,0.0,12721.0
357,2013,12106.0,12469.0,13388.0,12644.0
729,2013,7135.0,,0.0,7135.0
359,2013,13259.0,15026.0,15522.0,14366.0
363,2013,16127.0,16516.0,16985.0,16445.0
365,2013,24148.0,0.0,0.0,24148.0
367,2013,14719.0,0.0,0.0,14719.0
369,2013,20598.0,22175.0,21509.0,21201.0
371,2013,11173.0,11294.0,11254.0,11225.0
375,2013,27076.0,0.0,0.0,27076.0
377,2013,11407.0,0.0,0.0,11407.0
381,2013,21726.0,0.0,0.0,21726.0
387,2013,15882.0,0.0,0.0,15882.0
388,2013,14481.0,15918.0,16117.0,15316.0
391,2013,32029.0,0.0,0.0,32029.0
399,2013,14080.0,0.0,17548.0,14949.0
401,2013,15632.0,11455.0,16081.0,15140.0
703,2013,0.0,0.0,12580.0,12580.0
405,2013,17156.0,0.0,0.0,17156.0
407,2013,14466.0,0.0,12734.0,13816.0
411,2013,13414.0,0.0,0.0,13414.0
413,2013,12125.0,0.0,0.0,12125.0
423,2013,17079.0,15831.0,16756.0,16553.0
728,2013,0.0,0.0,15772.0,15772.0
425,2013,9712.0,0.0,12648.0,10549.0
427,2013,13484.0,0.0,11666.0,12538.0
428,2013,0.0,0.0,16556.0,16556.0
435,2013,18929.0,0.0,0.0,18929.0
437,2013,24043.0,0.0,25245.0,24492.0
439,2013,15259.0,20985.0,22558.0,18372.0
441,2013,18332.0,0.0,0.0,18332.0
447,2013,18085.0,0.0,0.0,18085.0
735,2013,6863.0,0.0,0.0,6863.0
449,2013,14753.0,15512.0,14546.0,14809.0
450,2013,0.0,21483.0,17184.0,18654.0
453,2013,12678.0,13935.0,14748.0,13713.0
737,2013,9577.0,0.0,0.0,9577.0
461,2013,13335.0,11690.0,11284.0,12282.0
463,2013,16882.0,0.0,0.0,16882.0
467,2013,20361.0,0.0,0.0,20361.0
471,2013,17024.0,0.0,0.0,17024.0
473,2013,12776.0,10695.0,13092.0,12383.0
476,2013,15775.0,14633.0,13591.0,14651.0
485,2013,17325.0,16318.0,0.0,16865.0
705,2013,6380.0,0.0,0.0,6380.0
486,2013,13324.0,14840.0,12472.0,13505.0
491,2013,12723.0,13093.0,13053.0,12921.0
493,2013,0.0,0.0,19318.0,19318.0
495,2013,19680.0,0.0,0.0,19680.0
499,2013,15634.0,0.0,0.0,15634.0
501,2013,16012.0,0.0,0.0,16012.0
503,2013,13978.0,0.0,0.0,13978.0
507,2013,14337.0,0.0,0.0,14337.0
509,2013,16799.0,0.0,0.0,16799.0
511,2013,14130.0,0.0,0.0,14130.0
721,2013,6360.0,0.0,0.0,6360.0
515,2013,17250.0,25769.0,22338.0,20952.0
519,2013,,,,0.0
717,2013,8742.0,0.0,0.0,8742.0
739,2013,0.0,0.0,11819.0,11819.0
525,2013,17251.0,0.0,0.0,17251.0
731,2013,6319.0,0.0,0.0,6319.0
531,2013,16001.0,0.0,0.0,16001.0
534,2013,13543.0,13752.0,12793.0,13329.0
539,2013,11663.0,0.0,0.0,11663.0
727,2013,0.0,0.0,4554.0,4554.0
543,2013,12623.0,0.0,0.0,12623.0
549,2013,17840.0,0.0,0.0,17840.0
551,2013,19404.0,0.0,0.0,19404.0
553,2013,27285.0,0.0,0.0,27285.0
555,2013,10415.0,11682.0,0.0,11022.0
559,2013,17902.0,0.0,0.0,17902.0
563,2013,11510.0,0.0,0.0,11510.0
568,2013,13461.0,0.0,15417.0,14109.0
572,2013,16936.0,15359.0,14365.0,15680.0
573,2013,13926.0,0.0,0.0,13926.0
575,2013,11967.0,0.0,14418.0,12632.0
579,2013,0.0,0.0,0.0,0.0
581,2013,0.0,0.0,15852.0,15852.0
582,2013,12767.0,13798.0,13680.0,13307.0
725,2014,0.0,5400.0,5382.0,5393.0
5,2014,0.0,0.0,0.0,0.0
9,2014,16726.0,0.0,0.0,16726.0
15,2014,15779.0,0.0,0.0,15779.0
17,2014,18333.0,16781.0,0.0,17480.0
19,2014,12087.0,0.0,0.0,12087.0
23,2014,15383.0,0.0,0.0,15383.0
29,2014,11925.0,0.0,0.0,11925.0
31,2014,13567.0,0.0,0.0,13567.0
33,2014,12169.0,11689.0,0.0,11952.0
35,2014,22350.0,0.0,0.0,22350.0
39,2014,17407.0,0.0,0.0,17407.0
41,2014,12505.0,11315.0,11028.0,11809.0
47,2014,0.0,0.0,0.0,0.0
51,2014,13993.0,12892.0,14405.0,13863.0
53,2014,17857.0,0.0,0.0,17857.0
57,2014,16753.0,13829.0,18868.0,16437.0
63,2014,13291.0,0.0,0.0,13291.0
71,2014,13878.0,0.0,0.0,13878.0
723,2014,0.0,0.0,4224.0,4224.0
75,2014,15667.0,0.0,0.0,15667.0
79,2014,12595.0,0.0,0.0,12595.0
91,2014,0.0,0.0,0.0,0.0
93,2014,11864.0,0.0,0.0,11864.0
95,2014,16796.0,0.0,0.0,16796.0
99,2014,15823.0,0.0,0.0,15823.0
101,2014,14680.0,14829.0,18716.0,15943.0
103,2014,0.0,0.0,0.0,0.0
707,2014,0.0,0.0,6901.0,6901.0
105,2014,12913.0,0.0,19081.0,14765.0
107,2014,0.0,0.0,0.0,0.0
111,2014,14383.0,13270.0,12851.0,13559.0
112,2014,18064.0,15891.0,16333.0,16806.0
113,2014,15733.0,15803.0,13666.0,14820.0
114,2014,0.0,0.0,0.0,0.0
115,2014,20819.0,0.0,0.0,20819.0
117,2014,9739.0,0.0,0.0,9739.0
127,2014,16816.0,0.0,0.0,16816.0
131,2014,13577.0,12334.0,0.0,13107.0
141,2014,9817.0,9241.0,11477.0,10204.0
142,2014,16998.0,0.0,17735.0,17475.0
147,2014,0.0,0.0,0.0,0.0
149,2014,12856.0,0.0,0.0,12856.0
153,2014,15935.0,0.0,0.0,15935.0
159,2014,0.0,0.0,0.0,0.0
162,2014,0.0,0.0,0.0,0.0
165,2014,13385.0,15605.0,16269.0,14656.0
167,2014,14379.0,0.0,0.0,14379.0
171,2014,34707.0,0.0,0.0,34707.0
173,2014,15067.0,0.0,0.0,15067.0
172,2014,0.0,12263.0,13466.0,12947.0
174,2014,15468.0,0.0,15866.0,15599.0
175,2014,13226.0,0.0,12498.0,12983.0
185,2014,8567.0,10970.0,11402.0,10144.0
187,2014,25066.0,0.0,0.0,25066.0
189,2014,14323.0,0.0,0.0,14323.0
191,2014,19047.0,16696.0,16403.0,17255.0
195,2014,13460.0,0.0,0.0,13460.0
199,2014,12961.0,10750.0,11333.0,11571.0
203,2014,15294.0,15816.0,16226.0,15730.0
207,2014,17321.0,0.0,0.0,17321.0
208,2014,17727.0,18686.0,16054.0,17293.0
211,2014,15743.0,0.0,0.0,15743.0
709,2014,0.0,8842.0,8808.0,8814.0
215,2014,13035.0,0.0,0.0,13035.0
223,2014,17314.0,18104.0,0.0,17692.0
225,2014,14832.0,0.0,0.0,14832.0
227,2014,18181.0,0.0,0.0,18181.0
233,2014,19377.0,0.0,0.0,19377.0
235,2014,27952.0,0.0,0.0,27952.0
236,2014,0.0,0.0,0.0,0.0
238,2014,13980.0,15850.0,17893.0,15942.0
245,2014,16166.0,0.0,0.0,16166.0
247,2014,13177.0,0.0,0.0,13177.0
251,2014,15364.0,15061.0,16258.0,15588.0
255,2014,16228.0,19171.0,18603.0,17626.0
257,2014,20991.0,0.0,0.0,20991.0
260,2014,0.0,14928.0,12686.0,13379.0
259,2014,15352.0,0.0,0.0,15352.0
261,2014,11944.0,12027.0,0.0,11975.0
263,2014,16841.0,17436.0,17637.0,17194.0
267,2014,11020.0,10152.0,10916.0,10771.0
269,2014,18136.0,0.0,19819.0,18671.0
271,2014,21101.0,0.0,0.0,21101.0
274,2014,13268.0,14010.0,14652.0,13850.0
275,2014,0.0,0.0,16024.0,16024.0
276,2014,15976.0,17639.0,17343.0,16822.0
279,2014,17132.0,13065.0,14594.0,15223.0
281,2014,18545.0,0.0,0.0,18545.0
285,2014,13300.0,15495.0,15367.0,14447.0
288,2014,20271.0,0.0,0.0,20271.0
291,2014,15445.0,0.0,0.0,15445.0
295,2014,19230.0,19995.0,16315.0,18299.0
719,2014,0.0,0.0,7001.0,7001.0
305,2014,17300.0,17729.0,20187.0,18331.0
306,2014,16558.0,15146.0,16166.0,16038.0
315,2014,13122.0,11209.0,13894.0,12698.0
317,2014,16085.0,15573.0,21836.0,17814.0
319,2014,15182.0,12426.0,13648.0,13931.0
327,2014,17801.0,0.0,0.0,17801.0
333,2014,22777.0,0.0,0.0,22777.0
733,2014,0.0,9928.0,9404.0,9514.0
335,2014,10600.0,10781.0,10474.0,10596.0
339,2014,17581.0,0.0,0.0,17581.0
341,2014,21209.0,0.0,0.0,21209.0
342,2014,10949.0,12172.0,13366.0,12107.0
343,2014,15583.0,0.0,17143.0,16056.0
345,2014,16845.0,0.0,0.0,16845.0
351,2014,14610.0,14953.0,14016.0,14462.0
352,2014,13271.0,12371.0,12314.0,12735.0
353,2014,0.0,0.0,0.0,0.0
355,2014,13372.0,0.0,0.0,13372.0
357,2014,13031.0,12175.0,14462.0,13273.0
729,2014,6972.0,0.0,0.0,6972.0
359,2014,13518.0,13706.0,15244.0,14096.0
363,2014,16374.0,16372.0,16993.0,16568.0
365,2014,25068.0,0.0,0.0,25068.0
367,2014,15166.0,0.0,0.0,15166.0
369,2014,21253.0,24685.0,22390.0,22213.0
371,2014,11854.0,11963.0,11773.0,11853.0
375,2014,17953.0,0.0,0.0,17953.0
377,2014,11504.0,0.0,0.0,11504.0
381,2014,23809.0,0.0,0.0,23809.0
387,2014,14777.0,0.0,0.0,14777.0
388,2014,15575.0,16421.0,16677.0,16116.0
391,2014,31400.0,0.0,0.0,31400.0
399,2014,13994.0,0.0,17598.0,14846.0
401,2014,14603.0,15503.0,16223.0,15341.0
740,2014,0.0,0.0,12605.0,12605.0
703,2014,0.0,0.0,14339.0,14339.0
405,2014,17687.0,0.0,0.0,17687.0
407,2014,15994.0,0.0,12744.0,14627.0
411,2014,14856.0,0.0,0.0,14856.0
413,2014,12379.0,0.0,0.0,12379.0
423,2014,16209.0,15676.0,16788.0,16222.0
728,2014,0.0,0.0,11363.0,11363.0
425,2014,10796.0,0.0,11876.0,11136.0
427,2014,14105.0,0.0,12306.0,13179.0
428,2014,0.0,0.0,16593.0,16593.0
435,2014,18378.0,0.0,0.0,18378.0
437,2014,27406.0,0.0,20760.0,24574.0
439,2014,15515.0,16497.0,21812.0,17543.0
441,2014,20304.0,0.0,0.0,20304.0
447,2014,18008.0,0.0,0.0,18008.0
735,2014,6551.0,0.0,0.0,6551.0
449,2014,15803.0,15902.0,15595.0,15739.0
450,2014,0.0,19392.0,18922.0,19104.0
453,2014,12588.0,14651.0,14165.0,13715.0
737,2014,7267.0,0.0,0.0,7267.0
461,2014,13908.0,12062.0,12360.0,12990.0
463,2014,18373.0,0.0,0.0,18373.0
467,2014,19013.0,0.0,0.0,19013.0
471,2014,17057.0,0.0,0.0,17057.0
473,2014,13600.0,11706.0,14023.0,13301.0
476,2014,15765.0,15001.0,13814.0,14842.0
485,2014,17028.0,0.0,0.0,17028.0
705,2014,6403.0,0.0,0.0,6403.0
486,2014,13927.0,14924.0,13606.0,14124.0
491,2014,13899.0,13378.0,12739.0,13391.0
493,2014,0.0,0.0,19012.0,19012.0
495,2014,22561.0,0.0,0.0,22561.0
499,2014,16161.0,0.0,0.0,16161.0
501,2014,14270.0,0.0,0.0,14270.0
503,2014,16050.0,0.0,0.0,16050.0
507,2014,13703.0,0.0,0.0,13703.0
509,2014,19873.0,0.0,0.0,19873.0
511,2014,14531.0,0.0,0.0,14531.0
721,2014,6682.0,,0.0,6682.0
513,2014,0.0,0.0,0.0,0.0
515,2014,18681.0,25170.0,21667.0,21276.0
519,2014,0.0,0.0,0.0,0.0
717,2014,8653.0,0.0,0.0,8653.0
739,2014,0.0,0.0,8457.0,8457.0
525,2014,19396.0,0.0,0.0,19396.0
731,2014,6632.0,,0.0,6632.0
531,2014,17916.0,0.0,0.0,17916.0
534,2014,14830.0,14524.0,14103.0,14498.0
539,2014,11293.0,0.0,0.0,11293.0
727,2014,0.0,0.0,5239.0,5239.0
543,2014,13601.0,0.0,0.0,13601.0
549,2014,19419.0,0.0,0.0,19419.0
551,2014,18451.0,0.0,0.0,18451.0
553,2014,25669.0,0.0,0.0,25669.0
555,2014,11742.0,11154.0,0.0,11445.0
559,2014,20391.0,0.0,0.0,20391.0
563,2014,12888.0,0.0,0.0,12888.0
568,2014,14024.0,0.0,14769.0,14277.0
572,2014,17780.0,18137.0,15674.0,17124.0
573,2014,14917.0,0.0,0.0,14917.0
575,2014,12396.0,0.0,14393.0,12951.0
579,2014,0.0,0.0,0.0,0.0
581,2014,0.0,0.0,16956.0,16956.0
582,2014,13410.0,15016.0,13272.0,13755.0
725,2015,0.0,4753.0,5415.0,4950.0
5,2015,0.0,0.0,0.0,0.0
9,2015,18338.0,0.0,0.0,18338.0
15,2015,16474.0,0.0,0.0,16474.0
17,2015,18871.0,17485.0,0.0,18126.0
19,2015,12941.0,0.0,0.0,12941.0
23,2015,16856.0,0.0,0.0,16856.0
29,2015,12276.0,0.0,0.0,12276.0
31,2015,14878.0,0.0,0.0,14878.0
33,2015,12768.0,12281.0,0.0,12547.0
35,2015,22800.0,0.0,0.0,22800.0
39,2015,14776.0,0.0,0.0,14776.0
41,2015,12616.0,11558.0,11558.0,12070.0
47,2015,0.0,0.0,0.0,0.0
51,2015,15661.0,14271.0,15200.0,15150.0
53,2015,17296.0,0.0,0.0,17296.0
57,2015,17230.0,14289.0,17571.0,16266.0
63,2015,14308.0,0.0,0.0,14308.0
71,2015,13682.0,0.0,0.0,13682.0
723,2015,0.0,0.0,4550.0,4550.0
75,2015,17321.0,0.0,0.0,17321.0
79,2015,13482.0,0.0,0.0,13482.0
91,2015,0.0,0.0,0.0,0.0
93,2015,12024.0,0.0,0.0,12024.0
95,2015,17348.0,0.0,0.0,17348.0
99,2015,15804.0,0.0,0.0,15804.0
101,2015,15955.0,15413.0,16989.0,16162.0
103,2015,0.0,0.0,0.0,0.0
707,2015,0.0,0.0,6729.0,6729.0
105,2015,13014.0,0.0,19167.0,14907.0
107,2015,0.0,0.0,0.0,0.0
111,2015,14692.0,13044.0,12869.0,13645.0
112,2015,17998.0,17490.0,15711.0,17023.0
113,2015,16288.0,16267.0,14066.0,15313.0
114,2015,0.0,0.0,0.0,0.0
115,2015,21652.0,0.0,0.0,21652.0
117,2015,15840.0,0.0,0.0,15840.0
127,2015,16289.0,0.0,0.0,16289.0
131,2015,14441.0,13788.0,0.0,14198.0
141,2015,10610.0,9455.0,11920.0,10704.0
142,2015,17276.0,0.0,18556.0,18102.0
147,2015,0.0,0.0,0.0,0.0
149,2015,14524.0,0.0,0.0,14524.0
153,2015,18331.0,0.0,0.0,18331.0
159,2015,0.0,0.0,0.0,0.0
162,2015,0.0,0.0,0.0,0.0
165,2015,13804.0,15023.0,18213.0,15238.0
167,2015,14111.0,0.0,0.0,14111.0
171,2015,30859.0,0.0,0.0,30859.0
173,2015,15671.0,0.0,0.0,15671.0
172,2015,0.0,12912.0,13623.0,13318.0
174,2015,16239.0,0.0,16511.0,16329.0
175,2015,12889.0,0.0,12917.0,12898.0
185,2015,8214.0,11170.0,12100.0,10269.0
187,2015,27348.0,0.0,0.0,27348.0
189,2015,14490.0,0.0,0.0,14490.0
742,2015,6756.0,0.0,0.0,6756.0
191,2015,18424.0,18291.0,17758.0,18097.0
195,2015,13457.0,0.0,0.0,13457.0
199,2015,13679.0,11523.0,12195.0,12377.0
203,2015,15976.0,15844.0,16268.0,16039.0
207,2015,18991.0,0.0,0.0,18991.0
208,2015,16641.0,18520.0,15478.0,16523.0
211,2015,17461.0,0.0,0.0,17461.0
709,2015,0.0,8773.0,8846.0,8830.0
215,2015,12967.0,0.0,0.0,12967.0
222,2015,0.0,0.0,0.0,0.0
223,2015,17928.0,16432.0,0.0,17158.0
225,2015,15213.0,0.0,0.0,15213.0
227,2015,18602.0,0.0,0.0,18602.0
233,2015,19012.0,0.0,0.0,19012.0
235,2015,27486.0,0.0,0.0,27486.0
236,2015,0.0,0.0,0.0,0.0
238,2015,16164.0,15910.0,17022.0,16374.0
245,2015,17485.0,0.0,0.0,17485.0
247,2015,15487.0,0.0,0.0,15487.0
251,2015,16290.0,15522.0,16337.0,16125.0
255,2015,15663.0,18058.0,20713.0,17641.0
257,2015,23196.0,0.0,0.0,23196.0
260,2015,0.0,14576.0,13205.0,13658.0
259,2015,15687.0,0.0,0.0,15687.0
261,2015,12051.0,13116.0,0.0,12437.0
263,2015,17647.0,17895.0,19988.0,18397.0
267,2015,12075.0,10945.0,11803.0,11703.0
269,2015,19390.0,0.0,20959.0,19888.0
271,2015,24200.0,0.0,0.0,24200.0
274,2015,13362.0,16264.0,14818.0,14409.0
275,2015,0.0,0.0,16454.0,16454.0
276,2015,15145.0,18816.0,17911.0,16877.0
279,2015,17750.0,13226.0,14990.0,15655.0
281,2015,18225.0,0.0,0.0,18225.0
285,2015,13930.0,16420.0,15005.0,14799.0
288,2015,21764.0,0.0,0.0,21764.0
291,2015,11253.0,0.0,0.0,11253.0
295,2015,20373.0,18727.0,18548.0,19247.0
719,2015,0.0,0.0,9818.0,9818.0
305,2015,18229.0,18703.0,20552.0,19091.0
306,2015,12527.0,21470.0,18356.0,16009.0
315,2015,13844.0,12261.0,13558.0,13204.0
317,2015,17093.0,15525.0,22551.0,18614.0
319,2015,15338.0,12783.0,13480.0,14021.0
327,2015,19114.0,0.0,0.0,19114.0
333,2015,20045.0,0.0,0.0,20045.0
733,2015,0.0,9058.0,9003.0,9011.0
335,2015,10555.0,11019.0,10932.0,10773.0
339,2015,16769.0,0.0,0.0,16769.0
341,2015,24479.0,0.0,0.0,24479.0
342,2015,11489.0,11264.0,15463.0,12668.0
343,2015,16229.0,0.0,17657.0,16659.0
345,2015,17241.0,0.0,0.0,17241.0
351,2015,14936.0,15865.0,14463.0,14922.0
352,2015,13271.0,12579.0,12643.0,12908.0
353,2015,0.0,0.0,0.0,0.0
355,2015,13046.0,0.0,0.0,13046.0
357,2015,13378.0,13001.0,15161.0,13875.0
729,2015,7490.0,0.0,0.0,7490.0
359,2015,14064.0,17443.0,13741.0,14700.0
363,2015,16110.0,16300.0,16951.0,16405.0
365,2015,24378.0,0.0,0.0,24378.0
367,2015,16152.0,0.0,0.0,16152.0
369,2015,22749.0,24527.0,24623.0,23724.0
704,2015,8279.0,0.0,0.0,8279.0
371,2015,12266.0,12331.0,11753.0,12117.0
375,2015,18714.0,0.0,0.0,18714.0
377,2015,11665.0,0.0,0.0,11665.0
381,2015,28364.0,0.0,0.0,28364.0
387,2015,16195.0,0.0,0.0,16195.0
388,2015,16471.0,15521.0,17427.0,16519.0
391,2015,30407.0,0.0,0.0,30407.0
399,2015,14013.0,0.0,19517.0,15296.0
401,2015,14835.0,14171.0,16981.0,15526.0
740,2015,0.0,0.0,13556.0,13556.0
703,2015,0.0,0.0,16156.0,16156.0
405,2015,17055.0,0.0,0.0,17055.0
407,2015,15412.0,0.0,12951.0,14397.0
411,2015,13847.0,0.0,0.0,13847.0
413,2015,13026.0,0.0,0.0,13026.0
423,2015,17277.0,15926.0,17335.0,16844.0
728,2015,0.0,0.0,12478.0,12478.0
425,2015,10861.0,0.0,12057.0,11257.0
427,2015,14709.0,0.0,12291.0,13458.0
428,2015,0.0,0.0,16447.0,16447.0
435,2015,18480.0,0.0,0.0,18480.0
437,2015,25765.0,0.0,21202.0,23685.0
439,2015,14134.0,17225.0,22397.0,17083.0
441,2015,19977.0,0.0,0.0,19977.0
447,2015,17369.0,0.0,0.0,17369.0
735,2015,6719.0,0.0,0.0,6719.0
449,2015,16520.0,16741.0,16351.0,16496.0
450,2015,0.0,23616.0,18504.0,20226.0
453,2015,13337.0,14624.0,14498.0,14107.0
737,2015,7612.0,0.0,0.0,7612.0
461,2015,13979.0,11953.0,11982.0,12872.0
463,2015,21123.0,0.0,0.0,21123.0
467,2015,21142.0,0.0,0.0,21142.0
471,2015,18834.0,0.0,0.0,18834.0
473,2015,14441.0,12017.0,15169.0,14099.0
476,2015,17043.0,14929.0,15041.0,15795.0
485,2015,16888.0,0.0,0.0,16888.0
705,2015,5648.0,0.0,0.0,5648.0
486,2015,14097.0,14620.0,14373.0,14338.0
491,2015,13772.0,13071.0,13759.0,13592.0
493,2015,0.0,0.0,18086.0,18086.0
495,2015,22426.0,0.0,0.0,22426.0
499,2015,17288.0,0.0,0.0,17288.0
501,2015,17876.0,0.0,0.0,17876.0
503,2015,13436.0,0.0,0.0,13436.0
507,2015,13802.0,0.0,0.0,13802.0
509,2015,23571.0,0.0,0.0,23571.0
511,2015,15721.0,0.0,0.0,15721.0
721,2015,7440.0,0.0,0.0,7440.0
513,2015,0.0,0.0,0.0,0.0
515,2015,19488.0,24628.0,25084.0,22619.0
519,2015,0.0,0.0,0.0,0.0
717,2015,8039.0,0.0,0.0,8039.0
739,2015,0.0,0.0,8789.0,8789.0
525,2015,19560.0,0.0,0.0,19560.0
731,2015,6091.0,0.0,0.0,6091.0
741,2015,0.0,8537.0,0.0,8537.0
531,2015,17967.0,0.0,0.0,17967.0
534,2015,15481.0,14796.0,14205.0,14867.0
539,2015,14079.0,0.0,0.0,14079.0
727,2015,0.0,0.0,6188.0,6188.0
543,2015,14366.0,0.0,0.0,14366.0
549,2015,21425.0,0.0,0.0,21425.0
551,2015,16448.0,0.0,0.0,16448.0
553,2015,29284.0,0.0,0.0,29284.0
555,2015,12072.0,11575.0,0.0,11819.0
559,2015,17875.0,0.0,0.0,17875.0
563,2015,13253.0,0.0,0.0,13253.0
568,2015,15115.0,0.0,16832.0,15700.0
572,2015,18359.0,17093.0,17900.0,17930.0
573,2015,15679.0,0.0,0.0,15679.0
575,2015,12575.0,0.0,13449.0,12827.0
579,2015,0.0,0.0,0.0,0.0
581,2015,0.0,0.0,17218.0,17218.0
582,2015,14915.0,13811.0,14613.0,14543.0
725,2016,0.0,5492.0,5634.0,5538.0
5,2016,0.0,0.0,0.0,0.0
9,2016,18391.0,0.0,0.0,18391.0
15,2016,17464.0,0.0,0.0,17464.0
17,2016,18753.0,17538.0,0.0,18116.0
19,2016,12910.0,0.0,0.0,12910.0
23,2016,18949.0,0.0,0.0,18949.0
29,2016,12369.0,0.0,0.0,12369.0
31,2016,15398.0,0.0,0.0,15398.0
33,2016,12805.0,13211.0,0.0,12989.0
35,2016,24264.0,0.0,0.0,24264.0
39,2016,13454.0,0.0,0.0,13454.0
41,2016,12645.0,12001.0,11728.0,12226.0
47,2016,0.0,0.0,0.0,0.0
51,2016,15319.0,14391.0,15704.0,15251.0
53,2016,18546.0,0.0,0.0,18546.0
57,2016,16466.0,14134.0,16202.0,15577.0
63,2016,13251.0,0.0,0.0,13251.0
71,2016,13573.0,0.0,0.0,13573.0
723,2016,0.0,0.0,5743.0,5743.0
75,2016,16994.0,0.0,0.0,16994.0
79,2016,14891.0,0.0,0.0,14891.0
91,2016,0.0,0.0,0.0,0.0
93,2016,11835.0,0.0,0.0,11835.0
95,2016,18090.0,0.0,0.0,18090.0
99,2016,16876.0,0.0,0.0,16876.0
101,2016,15952.0,16397.0,17558.0,16520.0
103,2016,0.0,0.0,0.0,0.0
707,2016,0.0,0.0,7677.0,7677.0
105,2016,14679.0,0.0,19858.0,16349.0
107,2016,0.0,0.0,0.0,0.0
111,2016,15684.0,14057.0,13411.0,14459.0
112,2016,18160.0,16893.0,17258.0,17463.0
113,2016,16154.0,16642.0,14551.0,15527.0
114,2016,0.0,0.0,0.0,0.0
115,2016,24275.0,0.0,0.0,24275.0
117,2016,13994.0,0.0,0.0,13994.0
127,2016,16443.0,0.0,0.0,16443.0
131,2016,13847.0,13962.0,0.0,13889.0
141,2016,11481.0,10350.0,12350.0,11448.0
142,2016,17993.0,0.0,19540.0,18971.0
147,2016,0.0,0.0,0.0,0.0
149,2016,15830.0,0.0,0.0,15830.0
153,2016,17080.0,0.0,0.0,17080.0
159,2016,0.0,0.0,0.0,0.0
162,2016,0.0,0.0,0.0,0.0
165,2016,14620.0,15901.0,19344.0,16213.0
167,2016,14860.0,0.0,0.0,14860.0
171,2016,27768.0,0.0,0.0,27768.0
173,2016,16796.0,0.0,0.0,16796.0
172,2016,0.0,14404.0,13750.0,14019.0
174,2016,18075.0,0.0,13418.0,16530.0
175,2016,13460.0,0.0,15076.0,13902.0
185,2016,10239.0,13366.0,12869.0,11919.0
187,2016,25196.0,0.0,0.0,25196.0
189,2016,13966.0,0.0,0.0,13966.0
742,2016,7775.0,0.0,0.0,7775.0
191,2016,17608.0,18368.0,18552.0,18210.0
195,2016,13640.0,0.0,0.0,13640.0
199,2016,13562.0,11750.0,12408.0,12508.0
203,2016,15743.0,14855.0,17646.0,16097.0
204,2016,0.0,0.0,0.0,0.0
208,2016,17154.0,18011.0,15867.0,16843.0
211,2016,17463.0,0.0,0.0,17463.0
709,2016,0.0,7954.0,8003.0,7993.0
215,2016,13636.0,0.0,0.0,13636.0
222,2016,0.0,0.0,0.0,0.0
223,2016,17917.0,17198.0,0.0,17550.0
225,2016,15770.0,0.0,0.0,15770.0
227,2016,20558.0,0.0,0.0,20558.0
233,2016,19924.0,0.0,0.0,19924.0
235,2016,28688.0,0.0,0.0,28688.0
236,2016,0.0,0.0,0.0,0.0
238,2016,16158.0,17051.0,20797.0,17962.0
245,2016,17722.0,0.0,0.0,17722.0
247,2016,17032.0,0.0,0.0,17032.0
251,2016,16338.0,16315.0,17508.0,16696.0
255,2016,16348.0,20027.0,21315.0,18493.0
257,2016,21855.0,0.0,0.0,21855.0
260,2016,0.0,14591.0,13630.0,13955.0
259,2016,15721.0,0.0,0.0,15721.0
261,2016,13003.0,13248.0,0.0,13095.0
263,2016,17996.0,15475.0,19199.0,17926.0
267,2016,12018.0,12032.0,11871.0,11966.0
269,2016,19065.0,0.0,21953.0,19949.0
271,2016,28405.0,0.0,0.0,28405.0
274,2016,13900.0,17087.0,15625.0,15088.0
275,2016,0.0,0.0,16859.0,16859.0
276,2016,15965.0,20729.0,19220.0,18101.0
279,2016,18152.0,13740.0,15136.0,15958.0
281,2016,20239.0,0.0,0.0,20239.0
285,2016,14922.0,17199.0,17237.0,16138.0
288,2016,20350.0,0.0,0.0,20350.0
291,2016,13620.0,0.0,0.0,13620.0
295,2016,22144.0,19447.0,19431.0,20405.0
719,2016,0.0,0.0,9960.0,9960.0
299,2016,21587.0,0.0,0.0,21587.0
305,2016,20202.0,18839.0,22455.0,20553.0
306,2016,12675.0,23520.0,17346.0,16104.0
315,2016,14553.0,12770.0,14168.0,13797.0
317,2016,18051.0,13995.0,23106.0,19038.0
319,2016,16179.0,13693.0,14579.0,14986.0
327,2016,18682.0,0.0,0.0,18682.0
333,2016,21869.0,0.0,0.0,21869.0
335,2016,11034.0,11305.0,12000.0,11389.0
339,2016,15501.0,0.0,0.0,15501.0
341,2016,27572.0,0.0,0.0,27572.0
342,2016,12128.0,12137.0,14937.0,13047.0
343,2016,17178.0,0.0,19670.0,17889.0
345,2016,17396.0,0.0,0.0,17396.0
351,2016,15958.0,16290.0,15498.0,15859.0
352,2016,14254.0,13371.0,13387.0,13762.0
744,2016,8202.0,0.0,0.0,8202.0
353,2016,0.0,0.0,0.0,0.0
355,2016,10957.0,0.0,0.0,10957.0
357,2016,14517.0,13890.0,15059.0,14542.0
729,2016,6538.0,0.0,0.0,6538.0
359,2016,14045.0,18018.0,14313.0,14952.0
363,2016,17103.0,18514.0,18599.0,17776.0
365,2016,24346.0,0.0,0.0,24346.0
367,2016,14822.0,0.0,0.0,14822.0
369,2016,21766.0,25078.0,24238.0,23177.0
704,2016,9403.0,0.0,0.0,9403.0
371,2016,12989.0,12517.0,12204.0,12635.0
375,2016,18001.0,0.0,0.0,18001.0
377,2016,12487.0,0.0,0.0,12487.0
381,2016,30106.0,0.0,0.0,30106.0
387,2016,16049.0,0.0,0.0,16049.0
388,2016,16398.0,15094.0,16709.0,16164.0
391,2016,30714.0,0.0,0.0,30714.0
399,2016,14409.0,0.0,17503.0,15145.0
401,2016,12630.0,10082.0,17159.0,13813.0
740,2016,0.0,0.0,10614.0,10614.0
703,2016,0.0,0.0,12894.0,12894.0
405,2016,19045.0,0.0,0.0,19045.0
407,2016,16366.0,0.0,15286.0,15948.0
411,2016,14459.0,0.0,0.0,14459.0
413,2016,12624.0,0.0,0.0,12624.0
423,2016,17959.0,16494.0,17157.0,17182.0
728,2016,0.0,0.0,12064.0,12064.0
425,2016,10699.0,0.0,13494.0,11587.0
427,2016,14997.0,0.0,12991.0,13979.0
428,2016,0.0,0.0,16361.0,16361.0
435,2016,20711.0,0.0,0.0,20711.0
437,2016,24335.0,0.0,29922.0,26628.0
439,2016,14723.0,16243.0,22093.0,17039.0
441,2016,19596.0,0.0,0.0,19596.0
447,2016,19040.0,0.0,0.0,19040.0
735,2016,5521.0,0.0,0.0,5521.0
449,2016,17268.0,17382.0,16907.0,17141.0
450,2016,0.0,27833.0,19741.0,21982.0
453,2016,13579.0,14696.0,15083.0,14394.0
737,2016,6723.0,0.0,0.0,6723.0
461,2016,14123.0,12851.0,11764.0,13057.0
463,2016,19524.0,0.0,0.0,19524.0
467,2016,23483.0,0.0,0.0,23483.0
471,2016,19535.0,0.0,0.0,19535.0
473,2016,14634.0,12398.0,15946.0,14525.0
476,2016,19044.0,14931.0,16126.0,16954.0
485,2016,16706.0,0.0,0.0,16706.0
705,2016,6155.0,0.0,0.0,6155.0
486,2016,13308.0,15096.0,13822.0,13960.0
491,2016,14611.0,15600.0,15474.0,15113.0
493,2016,0.0,0.0,18267.0,18267.0
495,2016,22382.0,0.0,0.0,22382.0
499,2016,19287.0,0.0,0.0,19287.0
501,2016,13997.0,0.0,0.0,13997.0
503,2016,13429.0,0.0,0.0,13429.0
507,2016,14028.0,0.0,0.0,14028.0
509,2016,22801.0,0.0,0.0,22801.0
511,2016,16690.0,0.0,0.0,16690.0
721,2016,8104.0,0.0,0.0,8104.0
513,2016,0.0,0.0,0.0,0.0
515,2016,21535.0,24644.0,24882.0,23459.0
519,2016,0.0,0.0,0.0,0.0
717,2016,8462.0,0.0,0.0,8462.0
739,2016,0.0,0.0,7399.0,7399.0
525,2016,22424.0,0.0,0.0,22424.0
731,2016,6392.0,,0.0,6392.0
741,2016,0.0,6461.0,6097.0,6425.0
531,2016,19881.0,0.0,0.0,19881.0
534,2016,15865.0,15671.0,15505.0,15695.0
539,2016,13773.0,0.0,0.0,13773.0
727,2016,0.0,5825.0,5825.0,5825.0
543,2016,13388.0,0.0,0.0,13388.0
549,2016,19628.0,0.0,0.0,19628.0
551,2016,14891.0,0.0,0.0,14891.0
553,2016,31269.0,0.0,0.0,31269.0
555,2016,10781.0,14740.0,0.0,12262.0
559,2016,20989.0,0.0,0.0,20989.0
563,2016,14814.0,0.0,0.0,14814.0
568,2016,16041.0,0.0,18057.0,16749.0
572,2016,18703.0,17728.0,19340.0,18680.0
573,2016,15064.0,0.0,0.0,15064.0
575,2016,13384.0,0.0,13506.0,13420.0
579,2016,0.0,0.0,0.0,0.0
581,2016,0.0,0.0,17943.0,17943.0
582,2016,15268.0,13927.0,15196.0,14905.0
725,2017,0.0,6189.0,5876.0,6076.0
5,2017,0.0,0.0,0.0,0.0
9,2017,16742.0,0.0,0.0,16742.0
15,2017,18120.0,0.0,0.0,18120.0
17,2017,18977.0,17354.0,0.0,18156.0
19,2017,12443.0,0.0,0.0,12443.0
23,2017,17403.0,0.0,0.0,17403.0
29,2017,12168.0,0.0,0.0,12168.0
31,2017,16527.0,0.0,0.0,16527.0
33,2017,13974.0,14276.0,0.0,14112.0
35,2017,23936.0,0.0,0.0,23936.0
39,2017,14995.0,0.0,0.0,14995.0
41,2017,13243.0,12809.0,12362.0,12867.0
47,2017,0.0,0.0,0.0,0.0
51,2017,15187.0,15205.0,16381.0,15616.0
53,2017,19038.0,,0.0,19038.0
57,2017,14984.0,14126.0,15579.0,14940.0
63,2017,13876.0,0.0,0.0,13876.0
71,2017,14068.0,0.0,0.0,14068.0
75,2017,18136.0,0.0,0.0,18136.0
79,2017,15533.0,0.0,0.0,15533.0
91,2017,0.0,0.0,0.0,0.0
93,2017,12645.0,0.0,0.0,12645.0
95,2017,16476.0,0.0,0.0,16476.0
99,2017,18067.0,0.0,0.0,18067.0
101,2017,16884.0,15306.0,17912.0,16852.0
103,2017,0.0,0.0,0.0,0.0
707,2017,0.0,0.0,7521.0,7521.0
105,2017,15930.0,0.0,19363.0,17163.0
107,2017,0.0,0.0,0.0,0.0
743,2017,5431.0,0.0,0.0,5431.0
111,2017,16942.0,14435.0,14063.0,15284.0
112,2017,16641.0,19603.0,18681.0,18238.0
113,2017,16949.0,16936.0,16076.0,16581.0
114,2017,0.0,0.0,0.0,0.0
115,2017,24984.0,0.0,0.0,24984.0
117,2017,15506.0,0.0,0.0,15506.0
127,2017,17323.0,0.0,0.0,17323.0
131,2017,14269.0,14821.0,0.0,14469.0
141,2017,12347.0,10367.0,12536.0,11817.0
142,2017,0.0,18953.0,18389.0,18577.0
147,2017,0.0,0.0,0.0,0.0
149,2017,14034.0,0.0,0.0,14034.0
153,2017,16231.0,0.0,0.0,16231.0
159,2017,0.0,0.0,0.0,0.0
162,2017,0.0,0.0,0.0,0.0
165,2017,15780.0,15677.0,19339.0,16712.0
167,2017,15190.0,0.0,0.0,15190.0
171,2017,32726.0,0.0,0.0,32726.0
173,2017,16953.0,0.0,0.0,16953.0
172,2017,0.0,14211.0,14386.0,14312.0
174,2017,17212.0,0.0,17048.0,17160.0
175,2017,14593.0,0.0,16839.0,15230.0
185,2017,14302.0,10658.0,14563.0,13004.0
187,2017,27362.0,0.0,0.0,27362.0
189,2017,13790.0,0.0,0.0,13790.0
191,2017,19051.0,17788.0,18865.0,18603.0
195,2017,14892.0,0.0,0.0,14892.0
199,2017,13966.0,12134.0,12924.0,12943.0
203,2017,16610.0,15842.0,17970.0,16821.0
204,2017,0.0,0.0,0.0,0.0
208,2017,16968.0,19979.0,16603.0,17303.0
211,2017,20475.0,0.0,0.0,20475.0
709,2017,0.0,9194.0,9125.0,9136.0
215,2017,14077.0,0.0,0.0,14077.0
222,2017,0.0,0.0,0.0,0.0
223,2017,19030.0,17516.0,0.0,18233.0
225,2017,15870.0,0.0,0.0,15870.0
227,2017,20474.0,0.0,0.0,20474.0
233,2017,19935.0,0.0,0.0,19935.0
235,2017,27361.0,0.0,0.0,27361.0
236,2017,0.0,0.0,0.0,0.0
238,2017,16128.0,17034.0,20735.0,17849.0
245,2017,18337.0,0.0,0.0,18337.0
247,2017,14702.0,0.0,0.0,14702.0
251,2017,16360.0,14751.0,19915.0,16964.0
255,2017,15723.0,20030.0,22059.0,18288.0
257,2017,21866.0,0.0,0.0,21866.0
260,2017,0.0,14705.0,13741.0,14067.0
259,2017,15454.0,0.0,0.0,15454.0
261,2017,13933.0,13863.0,0.0,14369.0
263,2017,17023.0,15357.0,19784.0,17529.0
267,2017,13517.0,13417.0,12182.0,12998.0
269,2017,21064.0,0.0,23001.0,21677.0
271,2017,27117.0,0.0,0.0,27117.0
274,2017,14133.0,14792.0,15337.0,14616.0
275,2017,0.0,0.0,17381.0,17381.0
276,2017,16422.0,20948.0,19516.0,18465.0
279,2017,17093.0,13765.0,14773.0,15416.0
281,2017,20607.0,0.0,0.0,20607.0
285,2017,14702.0,17266.0,16825.0,15887.0
288,2017,20365.0,0.0,0.0,20365.0
291,2017,9585.0,0.0,0.0,9585.0
295,2017,21705.0,19444.0,19071.0,20113.0
719,2017,0.0,0.0,13221.0,13221.0
299,2017,22272.0,0.0,0.0,22272.0
305,2017,20717.0,19097.0,25410.0,21657.0
306,2017,13873.0,17741.0,20476.0,16714.0
315,2017,16017.0,13432.0,14702.0,14644.0
317,2017,19761.0,16065.0,22882.0,20249.0
319,2017,16438.0,13871.0,15526.0,15479.0
327,2017,20636.0,0.0,0.0,20636.0
333,2017,23289.0,0.0,0.0,23289.0
733,2017,0.0,9700.0,6915.0,7411.0
335,2017,11201.0,11982.0,12275.0,11697.0
339,2017,16717.0,0.0,0.0,16717.0
341,2017,20667.0,0.0,0.0,20667.0
342,2017,11837.0,13640.0,15014.0,13440.0
343,2017,17399.0,0.0,21277.0,18446.0
345,2017,17803.0,0.0,0.0,17803.0
351,2017,16296.0,15436.0,16302.0,16152.0
352,2017,14772.0,14149.0,13653.0,14256.0
744,2017,8373.0,0.0,0.0,8373.0
353,2017,13794.0,0.0,0.0,13794.0
355,2017,11836.0,0.0,0.0,11836.0
357,2017,15671.0,14842.0,15988.0,15569.0
729,2017,7930.0,0.0,0.0,7930.0
359,2017,15191.0,20277.0,15385.0,16311.0
363,2017,17937.0,16013.0,18373.0,17764.0
365,2017,24185.0,0.0,0.0,24185.0
367,2017,16120.0,0.0,0.0,16120.0
369,2017,21786.0,32536.0,24811.0,24486.0
704,2017,8117.0,0.0,0.0,8117.0
371,2017,13068.0,12892.0,12022.0,12693.0
375,2017,15768.0,0.0,0.0,15768.0
377,2017,11919.0,0.0,0.0,11919.0
381,2017,21383.0,0.0,0.0,21383.0
387,2017,18856.0,0.0,0.0,18856.0
388,2017,17168.0,16650.0,16854.0,16941.0
391,2017,23415.0,0.0,0.0,23415.0
399,2017,14333.0,0.0,18488.0,15256.0
401,2017,14531.0,8845.0,16508.0,13888.0
740,2017,0.0,0.0,13076.0,13076.0
703,2017,0.0,0.0,15076.0,15076.0
405,2017,19456.0,0.0,0.0,19456.0
407,2017,15093.0,0.0,14625.0,14917.0
411,2017,14500.0,0.0,0.0,14500.0
413,2017,13182.0,0.0,0.0,13182.0
423,2017,17069.0,17610.0,17776.0,17490.0
728,2017,0.0,0.0,11682.0,11682.0
425,2017,11524.0,0.0,13106.0,12057.0
427,2017,16027.0,0.0,14122.0,15052.0
428,2017,0.0,0.0,17758.0,17758.0
435,2017,17197.0,0.0,0.0,17197.0
437,2017,20602.0,0.0,31767.0,24633.0
439,2017,13971.0,17926.0,20339.0,16315.0
441,2017,21499.0,0.0,0.0,21499.0
447,2017,18030.0,0.0,0.0,18030.0
735,2017,6390.0,0.0,0.0,6390.0
449,2017,18434.0,17691.0,17361.0,17837.0
450,2017,0.0,21571.0,24501.0,23426.0
453,2017,14319.0,15309.0,15520.0,14991.0
737,2017,9953.0,0.0,0.0,9953.0
461,2017,14469.0,12775.0,12467.0,13441.0
463,2017,19247.0,0.0,0.0,19247.0
467,2017,25225.0,0.0,0.0,25225.0
471,2017,20053.0,0.0,0.0,20053.0
473,2017,14630.0,12734.0,16729.0,14846.0
476,2017,19240.0,16993.0,16467.0,17654.0
485,2017,17057.0,0.0,0.0,17057.0
705,2017,7604.0,0.0,0.0,7604.0
486,2017,13977.0,15661.0,14731.0,14681.0
491,2017,13343.0,17994.0,15320.0,14915.0
493,2017,0.0,0.0,18196.0,18196.0
495,2017,23079.0,0.0,0.0,23079.0
499,2017,17493.0,0.0,0.0,17493.0
501,2017,21200.0,0.0,0.0,21200.0
503,2017,13947.0,0.0,0.0,13947.0
507,2017,13572.0,0.0,0.0,13572.0
509,2017,25646.0,0.0,0.0,25646.0
511,2017,16875.0,0.0,0.0,16875.0
721,2017,8982.0,0.0,0.0,8982.0
513,2017,0.0,0.0,0.0,0.0
515,2017,22033.0,24606.0,25100.0,23791.0
519,2017,0.0,0.0,0.0,0.0
717,2017,9239.0,0.0,0.0,9239.0
525,2017,23474.0,0.0,0.0,23474.0
731,2017,6602.0,0.0,0.0,6602.0
741,2017,0.0,6532.0,6527.0,6531.0
531,2017,18120.0,0.0,0.0,18120.0
534,2017,16863.0,16694.0,16736.0,16780.0
539,2017,14212.0,0.0,0.0,14212.0
727,2017,0.0,5651.0,5650.0,5650.0
543,2017,14338.0,0.0,0.0,14338.0
549,2017,19763.0,0.0,0.0,19763.0
551,2017,20181.0,0.0,0.0,20181.0
553,2017,42586.0,0.0,0.0,42586.0
555,2017,10708.0,15450.0,0.0,12415.0
559,2017,21875.0,0.0,0.0,21875.0
563,2017,15443.0,0.0,0.0,15443.0
568,2017,16718.0,0.0,16586.0,16672.0
572,2017,20885.0,15314.0,16904.0,18247.0
573,2017,15420.0,0.0,0.0,15420.0
575,2017,13504.0,0.0,14093.0,13686.0
579,2017,0.0,0.0,0.0,0.0
581,2017,0.0,0.0,19091.0,19091.0
582,2017,16205.0,15263.0,16700.0,16114.0
725,2018,0.0,6457.0,5868.0,6211.0
5,2018,0.0,0.0,0.0,0.0
9,2018,17241.0,0.0,0.0,17241.0
15,2018,20060.0,0.0,0.0,20060.0
17,2018,17211.0,18047.0,0.0,17620.0
19,2018,13368.0,0.0,0.0,13368.0
702,2018,0.0,0.0,7701.0,7701.0
23,2018,18640.0,0.0,0.0,18640.0
29,2018,12462.0,0.0,0.0,12462.0
31,2018,16101.0,0.0,0.0,16101.0
33,2018,13610.0,14755.0,0.0,14116.0
35,2018,24476.0,0.0,0.0,24476.0
39,2018,15639.0,0.0,0.0,15639.0
41,2018,13533.0,13589.0,12917.0,13333.0
47,2018,0.0,0.0,0.0,0.0
51,2018,16254.0,15203.0,18250.0,16680.0
53,2018,20328.0,0.0,0.0,20328.0
57,2018,14587.0,14530.0,15226.0,14819.0
63,2018,14462.0,0.0,0.0,14462.0
71,2018,15086.0,0.0,0.0,15086.0
723,2018,0.0,0.0,6724.0,6724.0
75,2018,18216.0,0.0,0.0,18216.0
79,2018,16876.0,0.0,0.0,16876.0
91,2018,0.0,0.0,0.0,0.0
93,2018,12976.0,0.0,0.0,12976.0
95,2018,17821.0,0.0,0.0,17821.0
99,2018,19081.0,0.0,0.0,19081.0
101,2018,16846.0,13697.0,17928.0,16476.0
103,2018,0.0,0.0,0.0,0.0
707,2018,0.0,0.0,8606.0,8606.0
105,2018,16732.0,0.0,19928.0,17839.0
107,2018,0.0,0.0,0.0,0.0
743,2018,5796.0,0.0,0.0,5796.0
111,2018,17570.0,14784.0,14179.0,15639.0
112,2018,20099.0,17233.0,17690.0,18408.0
113,2018,17769.0,18430.0,16777.0,17463.0
114,2018,0.0,0.0,0.0,0.0
115,2018,24173.0,0.0,0.0,24173.0
117,2018,15573.0,0.0,0.0,15573.0
127,2018,18010.0,0.0,0.0,18010.0
131,2018,15443.0,14255.0,0.0,15014.0
141,2018,13014.0,10615.0,12860.0,12234.0
142,2018,19596.0,0.0,19857.0,19767.0
147,2018,0.0,0.0,0.0,0.0
149,2018,14873.0,0.0,0.0,14873.0
153,2018,18770.0,0.0,0.0,18770.0
159,2018,0.0,0.0,0.0,0.0
162,2018,0.0,0.0,0.0,0.0
165,2018,15078.0,16824.0,19852.0,16798.0
167,2018,16835.0,0.0,0.0,16835.0
171,2018,25283.0,0.0,0.0,25283.0
173,2018,17703.0,0.0,0.0,17703.0
172,2018,0.0,15405.0,15243.0,15310.0
174,2018,18424.0,0.0,17349.0,18080.0
175,2018,14637.0,0.0,17110.0,15355.0
185,2018,15376.0,12117.0,15595.0,14198.0
187,2018,31426.0,0.0,0.0,31426.0
189,2018,15434.0,0.0,0.0,15434.0
742,2018,8196.0,0.0,0.0,8196.0
191,2018,18819.0,18099.0,19170.0,18756.0
195,2018,15245.0,0.0,0.0,15245.0
199,2018,13667.0,13157.0,13784.0,13554.0
203,2018,16680.0,16409.0,20390.0,17722.0
204,2018,0.0,0.0,0.0,0.0
208,2018,18448.0,18548.0,17820.0,18252.0
211,2018,23473.0,0.0,0.0,23473.0
709,2018,0.0,10525.0,10528.0,10527.0
215,2018,14277.0,0.0,0.0,14277.0
222,2018,0.0,0.0,0.0,0.0
223,2018,18487.0,18718.0,0.0,18599.0
225,2018,16730.0,0.0,0.0,16730.0
227,2018,22441.0,0.0,0.0,22441.0
233,2018,21653.0,0.0,0.0,21653.0
235,2018,25886.0,0.0,0.0,25886.0
236,2018,0.0,0.0,0.0,0.0
238,2018,14783.0,17554.0,22081.0,17930.0
245,2018,17816.0,0.0,0.0,17816.0
247,2018,14114.0,0.0,0.0,14114.0
251,2018,18616.0,15486.0,21339.0,18559.0
255,2018,16493.0,21385.0,23789.0,19454.0
257,2018,22042.0,0.0,0.0,22042.0
260,2018,0.0,14291.0,15521.0,15096.0
259,2018,15790.0,0.0,0.0,15790.0
261,2018,15115.0,13516.0,0.0,14487.0
263,2018,16968.0,15487.0,18899.0,17266.0
267,2018,13914.0,13449.0,13917.0,13801.0
269,2018,21731.0,0.0,23552.0,22294.0
271,2018,27357.0,0.0,0.0,27357.0
274,2018,14852.0,14181.0,15772.0,14939.0
275,2018,0.0,0.0,18018.0,18018.0
276,2018,16834.0,21603.0,20669.0,19123.0
279,2018,17312.0,13364.0,15076.0,15532.0
281,2018,20385.0,0.0,0.0,20385.0
706,2018,0.0,0.0,14064.0,14064.0
285,2018,15015.0,19648.0,16652.0,16485.0
288,2018,18778.0,0.0,0.0,18778.0
291,2018,16580.0,0.0,0.0,16580.0
295,2018,23048.0,19633.0,20220.0,21051.0
719,2018,0.0,0.0,10880.0,10880.0
299,2018,23966.0,0.0,0.0,23966.0
305,2018,23322.0,24705.0,24761.0,24065.0
306,2018,12404.0,19985.0,22040.0,16569.0
315,2018,17223.0,14700.0,14860.0,15515.0
317,2018,19250.0,18703.0,20625.0,19682.0
319,2018,17093.0,14946.0,15951.0,16177.0
327,2018,22103.0,0.0,0.0,22103.0
333,2018,25257.0,0.0,0.0,25257.0
733,2018,0.0,8702.0,9202.0,9102.0
335,2018,11368.0,12124.0,13028.0,12024.0
339,2018,19640.0,0.0,0.0,19640.0
341,2018,22584.0,0.0,0.0,22584.0
342,2018,12266.0,13813.0,16449.0,14045.0
343,2018,18981.0,0.0,20755.0,19498.0
345,2018,19314.0,0.0,0.0,19314.0
351,2018,16724.0,16188.0,16269.0,16484.0
352,2018,13919.0,14923.0,15733.0,14743.0
744,2018,7818.0,0.0,0.0,7818.0
353,2018,15909.0,0.0,0.0,15909.0
355,2018,12867.0,0.0,0.0,12867.0
357,2018,16151.0,16006.0,15827.0,15994.0
729,2018,8427.0,0.0,0.0,8427.0
359,2018,15825.0,16586.0,19691.0,17187.0
363,2018,17847.0,16722.0,18832.0,17979.0
365,2018,26441.0,0.0,0.0,26441.0
367,2018,16124.0,0.0,0.0,16124.0
369,2018,22275.0,30719.0,27500.0,25430.0
704,2018,8879.0,0.0,0.0,8879.0
371,2018,13360.0,13157.0,12762.0,13127.0
375,2018,16334.0,0.0,0.0,16334.0
377,2018,12080.0,0.0,0.0,12080.0
381,2018,20702.0,0.0,0.0,20702.0
387,2018,18894.0,0.0,0.0,18894.0
388,2018,17669.0,15112.0,16807.0,16722.0
391,2018,27994.0,0.0,0.0,27994.0
399,2018,15394.0,0.0,17183.0,15834.0
401,2018,13502.0,13423.0,18126.0,15101.0
740,2018,0.0,0.0,12843.0,12843.0
703,2018,0.0,0.0,14313.0,14313.0
405,2018,21466.0,0.0,0.0,21466.0
407,2018,16590.0,0.0,16243.0,16461.0
411,2018,14902.0,0.0,0.0,14902.0
413,2018,13561.0,0.0,0.0,13561.0
423,2018,18421.0,17055.0,18704.0,18099.0
728,2018,0.0,0.0,11663.0,11663.0
425,2018,11992.0,0.0,13881.0,12643.0
427,2018,16933.0,0.0,14147.0,15495.0
428,2018,0.0,0.0,18260.0,18260.0
435,2018,18116.0,0.0,0.0,18116.0
437,2018,21601.0,0.0,39510.0,27065.0
439,2018,13759.0,16801.0,20966.0,16161.0
441,2018,22206.0,0.0,0.0,22206.0
447,2018,18695.0,0.0,0.0,18695.0
735,2018,6679.0,0.0,0.0,6679.0
449,2018,18985.0,18200.0,17839.0,18346.0
450,2018,0.0,20491.0,24405.0,22905.0
453,2018,15982.0,15960.0,18403.0,16679.0
737,2018,8051.0,0.0,0.0,8051.0
461,2018,14993.0,12691.0,12554.0,13657.0
463,2018,20365.0,0.0,0.0,20365.0
467,2018,22934.0,0.0,0.0,22934.0
471,2018,23124.0,,0.0,23124.0
473,2018,15505.0,13238.0,16705.0,15370.0
476,2018,19349.0,17930.0,17224.0,18204.0
485,2018,18133.0,0.0,0.0,18133.0
705,2018,7413.0,0.0,0.0,7413.0
486,2018,15301.0,15625.0,15426.0,15434.0
491,2018,13755.0,16569.0,17009.0,15313.0
493,2018,0.0,0.0,19791.0,19791.0
495,2018,22033.0,0.0,0.0,22033.0
499,2018,19656.0,0.0,0.0,19656.0
501,2018,18537.0,0.0,0.0,18537.0
503,2018,16645.0,0.0,0.0,16645.0
507,2018,13390.0,0.0,0.0,13390.0
509,2018,21499.0,0.0,0.0,21499.0
511,2018,17872.0,0.0,0.0,17872.0
721,2018,9065.0,0.0,0.0,9065.0
513,2018,0.0,0.0,0.0,0.0
515,2018,23386.0,26586.0,26947.0,25436.0
519,2018,0.0,0.0,0.0,0.0
717,2018,9851.0,0.0,0.0,9851.0
525,2018,25438.0,0.0,0.0,25438.0
731,2018,7077.0,0.0,0.0,7077.0
741,2018,0.0,7797.0,7716.0,7775.0
531,2018,19360.0,0.0,0.0,19360.0
534,2018,17092.0,17500.0,17376.0,17280.0
539,2018,15045.0,0.0,0.0,15045.0
727,2018,0.0,5147.0,5167.0,5163.0
543,2018,14639.0,0.0,0.0,14639.0
549,2018,18725.0,0.0,0.0,18725.0
551,2018,19251.0,0.0,0.0,19251.0
553,2018,42810.0,0.0,0.0,42810.0
555,2018,11315.0,15415.0,0.0,12813.0
559,2018,23681.0,0.0,0.0,23681.0
563,2018,15751.0,0.0,0.0,15751.0
568,2018,17409.0,0.0,18858.0,17886.0
572,2018,20858.0,19785.0,19769.0,20275.0
573,2018,15961.0,0.0,0.0,15961.0
575,2018,13880.0,0.0,14831.0,14195.0
579,2018,0.0,0.0,0.0,0.0
581,2018,0.0,0.0,19573.0,19573.0
582,2018,16056.0,14605.0,16153.0,15698.0
725,2019,0.0,6458.0,6571.0,6509.0
5,2019,0.0,0.0,0.0,0.0
9,2019,17269.0,0.0,0.0,17269.0
15,2019,21671.0,0.0,0.0,21671.0
17,2019,18055.0,18464.0,0.0,18255.0
19,2019,14927.0,0.0,0.0,14927.0
702,2019,0.0,0.0,8777.0,8777.0
23,2019,19411.0,0.0,0.0,19411.0
29,2019,12086.0,0.0,0.0,12086.0
31,2019,16740.0,0.0,0.0,16740.0
33,2019,14019.0,15209.0,0.0,14550.0
35,2019,24264.0,0.0,0.0,24264.0
39,2019,15976.0,0.0,0.0,15976.0
41,2019,14168.0,13463.0,13740.0,13902.0
47,2019,0.0,0.0,0.0,0.0
51,2019,16021.0,16249.0,18119.0,16779.0
53,2019,20992.0,0.0,0.0,20992.0
57,2019,14523.0,15099.0,15791.0,15186.0
63,2019,15924.0,0.0,0.0,15924.0
71,2019,15430.0,0.0,0.0,15430.0
723,2019,0.0,0.0,9073.0,9073.0
75,2019,19571.0,0.0,0.0,19571.0
79,2019,18108.0,0.0,0.0,18108.0
91,2019,0.0,0.0,0.0,0.0
93,2019,14242.0,0.0,0.0,14242.0
95,2019,17680.0,0.0,0.0,17680.0
99,2019,18526.0,0.0,0.0,18526.0
101,2019,16917.0,14381.0,18330.0,16755.0
103,2019,0.0,0.0,0.0,0.0
707,2019,0.0,0.0,8919.0,8919.0
105,2019,16520.0,0.0,21402.0,18062.0
107,2019,0.0,0.0,0.0,0.0
743,2019,6872.0,0.0,0.0,6872.0
111,2019,17233.0,14805.0,14431.0,15658.0
112,2019,21630.0,18213.0,18774.0,19604.0
113,2019,19214.0,17617.0,17208.0,18071.0
114,2019,0.0,0.0,0.0,0.0
115,2019,24706.0,0.0,0.0,24706.0
117,2019,14437.0,0.0,0.0,14437.0
127,2019,17084.0,0.0,0.0,17084.0
131,2019,15708.0,14714.0,0.0,15336.0
141,2019,14605.0,11129.0,12740.0,12898.0
142,2019,20169.0,0.0,19792.0,19919.0
147,2019,0.0,0.0,0.0,0.0
149,2019,14215.0,0.0,0.0,14215.0
153,2019,20545.0,0.0,0.0,20545.0
159,2019,0.0,0.0,0.0,0.0
162,2019,0.0,0.0,0.0,0.0
165,2019,16362.0,17772.0,20652.0,17851.0
167,2019,17353.0,0.0,0.0,17353.0
171,2019,24665.0,0.0,0.0,24665.0
173,2019,18247.0,0.0,0.0,18247.0
172,2019,0.0,16549.0,16168.0,16323.0
174,2019,18426.0,0.0,18543.0,18463.0
175,2019,17334.0,0.0,17128.0,17270.0
185,2019,14760.0,0.0,17443.0,15549.0
187,2019,30796.0,0.0,0.0,30796.0
189,2019,15804.0,0.0,0.0,15804.0
742,2019,0.0,0.0,0.0,0.0
191,2019,18455.0,19295.0,21194.0,19799.0
195,2019,15899.0,0.0,0.0,15899.0
199,2019,13724.0,12748.0,14158.0,13583.0
203,2019,16470.0,16916.0,18599.0,17282.0
204,2019,0.0,0.0,0.0,0.0
208,2019,18369.0,18743.0,19017.0,18646.0
211,2019,21289.0,0.0,0.0,21289.0
709,2019,0.0,9515.0,9464.0,9478.0
215,2019,14970.0,0.0,0.0,14970.0
222,2019,0.0,0.0,0.0,0.0
223,2019,19385.0,19960.0,0.0,19651.0
225,2019,17658.0,0.0,0.0,17658.0
227,2019,25032.0,0.0,0.0,25032.0
233,2019,22485.0,0.0,0.0,22485.0
235,2019,21689.0,0.0,0.0,21689.0
236,2019,0.0,0.0,0.0,0.0
238,2019,15993.0,16708.0,22566.0,18166.0
245,2019,17340.0,0.0,0.0,17340.0
247,2019,20423.0,0.0,0.0,20423.0
251,2019,19553.0,16400.0,21252.0,19236.0
255,2019,18881.0,21963.0,23475.0,20807.0
257,2019,24056.0,0.0,0.0,24056.0
260,2019,0.0,15101.0,15030.0,15052.0
259,2019,16600.0,0.0,0.0,16600.0
261,2019,15749.0,15104.0,0.0,15493.0
263,2019,17755.0,15788.0,16965.0,17175.0
267,2019,14312.0,14064.0,14948.0,14478.0
269,2019,22526.0,0.0,23452.0,22816.0
271,2019,25219.0,0.0,0.0,25219.0
274,2019,15347.0,14055.0,14552.0,14829.0
275,2019,0.0,0.0,17959.0,17959.0
276,2019,19735.0,19874.0,22387.0,20544.0
279,2019,17654.0,13188.0,15214.0,15655.0
281,2019,21885.0,0.0,0.0,21885.0
708,2019,0.0,13453.0,13808.0,13575.0
706,2019,0.0,0.0,10867.0,10867.0
285,2019,16347.0,16738.0,17631.0,16828.0
288,2019,21675.0,0.0,0.0,21675.0
291,2019,11454.0,0.0,0.0,11454.0
295,2019,25575.0,20904.0,20457.0,22343.0
719,2019,0.0,0.0,12960.0,12960.0
299,2019,23064.0,0.0,0.0,23064.0
305,2019,27203.0,22920.0,28392.0,26485.0
306,2019,13283.0,26920.0,19874.0,17306.0
315,2019,15985.0,15406.0,16250.0,15887.0
317,2019,20210.0,14585.0,22426.0,19971.0
319,2019,17608.0,15781.0,16489.0,16789.0
327,2019,23185.0,0.0,0.0,23185.0
333,2019,24394.0,0.0,0.0,24394.0
733,2019,0.0,6211.0,10363.0,9587.0
335,2019,11678.0,12805.0,13246.0,12389.0
339,2019,19461.0,0.0,0.0,19461.0
341,2019,19999.0,0.0,0.0,19999.0
342,2019,12828.0,14878.0,15289.0,14238.0
343,2019,19933.0,0.0,22245.0,20585.0
345,2019,19953.0,0.0,0.0,19953.0
351,2019,16501.0,17650.0,16814.0,16779.0
352,2019,16350.0,15094.0,14673.0,15504.0
744,2019,8029.0,0.0,0.0,8029.0
353,2019,15654.0,0.0,0.0,15654.0
355,2019,13444.0,0.0,0.0,13444.0
357,2019,15644.0,15937.0,16675.0,16082.0
729,2019,8144.0,0.0,0.0,8144.0
359,2019,16356.0,17149.0,20081.0,17561.0
363,2019,17520.0,17069.0,17872.0,17558.0
365,2019,29894.0,0.0,0.0,29894.0
367,2019,17837.0,0.0,0.0,17837.0
369,2019,20855.0,34255.0,29637.0,25687.0
704,2019,7278.0,0.0,0.0,7278.0
371,2019,13666.0,13279.0,12668.0,13261.0
375,2019,16924.0,0.0,0.0,16924.0
377,2019,12585.0,0.0,0.0,12585.0
381,2019,24834.0,0.0,0.0,26142.0
387,2019,21397.0,0.0,0.0,21397.0
388,2019,17922.0,17144.0,17798.0,17686.0
391,2019,24663.0,0.0,0.0,24663.0
399,2019,15786.0,0.0,16451.0,15960.0
401,2019,15311.0,14892.0,17433.0,15948.0
740,2019,0.0,0.0,13748.0,13748.0
703,2019,0.0,10879.0,17189.0,17023.0
405,2019,23639.0,0.0,0.0,23639.0
407,2019,16428.0,0.0,16237.0,16357.0
411,2019,15355.0,0.0,0.0,15355.0
413,2019,14088.0,0.0,0.0,14088.0
423,2019,17996.0,17409.0,18240.0,17903.0
728,2019,0.0,0.0,12801.0,12801.0
425,2019,12958.0,0.0,14642.0,13523.0
427,2019,17067.0,0.0,15022.0,16012.0
428,2019,0.0,0.0,19143.0,19143.0
435,2019,18950.0,0.0,0.0,18950.0
437,2019,29439.0,0.0,36659.0,31912.0
439,2019,15229.0,14827.0,20143.0,16442.0
441,2019,21714.0,0.0,0.0,21714.0
447,2019,17626.0,0.0,0.0,17626.0
735,2019,7225.0,0.0,0.0,7225.0
449,2019,19976.0,18518.0,17616.0,18685.0
450,2019,0.0,20324.0,25969.0,23627.0
453,2019,16090.0,17396.0,19508.0,17492.0
737,2019,10031.0,0.0,0.0,10031.0
461,2019,15414.0,13048.0,12844.0,14021.0
463,2019,19950.0,0.0,0.0,19950.0
467,2019,25168.0,0.0,0.0,25168.0
471,2019,24727.0,0.0,0.0,24727.0
473,2019,16091.0,14371.0,17151.0,16048.0
476,2019,20164.0,18737.0,17489.0,18771.0
485,2019,18319.0,0.0,0.0,18319.0
705,2019,7727.0,0.0,0.0,7727.0
486,2019,16643.0,15733.0,16367.0,16293.0
491,2019,14759.0,16459.0,17564.0,15924.0
493,2019,0.0,0.0,20849.0,20849.0
495,2019,22279.0,0.0,0.0,22279.0
499,2019,21067.0,0.0,0.0,21067.0
501,2019,21767.0,0.0,0.0,21766.0
503,2019,18705.0,0.0,0.0,18705.0
507,2019,13805.0,0.0,0.0,13805.0
509,2019,23518.0,0.0,0.0,23518.0
511,2019,18351.0,0.0,0.0,18351.0
721,2019,9262.0,0.0,0.0,9262.0
513,2019,0.0,0.0,0.0,0.0
515,2019,25773.0,28261.0,28689.0,27486.0
519,2019,0.0,0.0,0.0,0.0
717,2019,10729.0,0.0,0.0,10729.0
525,2019,28175.0,0.0,0.0,28175.0
731,2019,8303.0,0.0,0.0,8303.0
741,2019,8132.0,0.0,8132.0,8132.0
531,2019,18697.0,0.0,0.0,18697.0
534,2019,17325.0,17070.0,17951.0,17464.0
539,2019,18817.0,0.0,0.0,18817.0
727,2019,0.0,5465.0,5513.0,5505.0
543,2019,14875.0,0.0,0.0,14875.0
549,2019,19109.0,0.0,0.0,19109.0
551,2019,20535.0,0.0,0.0,20535.0
553,2019,43732.0,0.0,0.0,43732.0
555,2019,12169.0,15679.0,0.0,13456.0
559,2019,21889.0,0.0,0.0,21889.0
563,2019,16796.0,0.0,0.0,16796.0
568,2019,17100.0,0.0,20498.0,18224.0
572,2019,18486.0,21192.0,19712.0,19446.0
573,2019,17291.0,0.0,0.0,17291.0
575,2019,14267.0,0.0,15401.0,14631.0
712,2019,11085.0,0.0,0.0,11085.0
579,2019,0.0,0.0,0.0,0.0
581,2019,0.0,0.0,21113.0,21113.0
582,2019,16594.0,15482.0,16924.0,16405.0
725,2020,0.0,6970.0,6970.0,6970.0
5,2020,0.0,0.0,0.0,0.0
9,2020,16659.0,0.0,0.0,16659.0
15,2020,21768.0,0.0,0.0,21768.0
17,2020,18834.0,20097.0,0.0,19445.0
19,2020,14882.0,0.0,0.0,14882.0
702,2020,0.0,0.0,9927.0,9927.0
23,2020,19713.0,0.0,0.0,19713.0
29,2020,11910.0,0.0,0.0,11910.0
31,2020,17902.0,0.0,0.0,17902.0
33,2020,14827.0,15067.0,0.0,14934.0
35,2020,23556.0,0.0,0.0,23556.0
39,2020,18404.0,0.0,0.0,18404.0
41,2020,14499.0,14001.0,14069.0,14265.0
47,2020,0.0,0.0,0.0,0.0
51,2020,16829.0,16575.0,17658.0,17051.0
53,2020,19655.0,0.0,0.0,19655.0
57,2020,15136.0,15607.0,15968.0,15589.0
63,2020,16774.0,0.0,0.0,16774.0
71,2020,15040.0,0.0,0.0,15040.0
723,2020,0.0,0.0,8152.0,8152.0
75,2020,20599.0,0.0,0.0,20599.0
79,2020,18304.0,0.0,0.0,18304.0
91,2020,0.0,0.0,0.0,0.0
93,2020,13696.0,0.0,0.0,13696.0
95,2020,18319.0,0.0,0.0,18319.0
99,2020,18454.0,0.0,0.0,18454.0
101,2020,18464.0,15381.0,16429.0,17084.0
103,2020,0.0,0.0,0.0,0.0
707,2020,0.0,0.0,9362.0,9362.0
105,2020,14791.0,0.0,20325.0,16532.0
107,2020,0.0,0.0,0.0,0.0
743,2020,9647.0,0.0,9160.0,9620.0
111,2020,18397.0,15274.0,15329.0,16569.0
112,2020,22336.0,18942.0,19037.0,20171.0
113,2020,21113.0,19535.0,18463.0,19723.0
114,2020,0.0,0.0,0.0,0.0
115,2020,25462.0,0.0,0.0,25462.0
117,2020,18998.0,0.0,0.0,18998.0
127,2020,17250.0,0.0,0.0,17250.0
131,2020,16739.0,15123.0,0.0,16121.0
141,2020,14980.0,11732.0,12129.0,12994.0
142,2020,21236.0,0.0,20035.0,20429.0
147,2020,0.0,0.0,0.0,0.0
149,2020,14659.0,0.0,0.0,14659.0
153,2020,21746.0,0.0,0.0,21746.0
159,2020,0.0,0.0,0.0,0.0
162,2020,0.0,0.0,0.0,0.0
165,2020,16639.0,19562.0,22258.0,18722.0
167,2020,18625.0,0.0,0.0,18625.0
171,2020,25188.0,0.0,0.0,25188.0
173,2020,20196.0,0.0,0.0,20196.0
172,2020,0.0,19630.0,16599.0,17785.0
174,2020,19897.0,0.0,19306.0,19710.0
175,2020,18535.0,0.0,17744.0,18288.0
185,2020,14774.0,0.0,18716.0,15836.0
187,2020,33345.0,0.0,0.0,33345.0
189,2020,16545.0,0.0,0.0,16545.0
191,2020,19635.0,18501.0,19828.0,19382.0
195,2020,15739.0,0.0,0.0,15739.0
199,2020,14399.0,13104.0,14970.0,14198.0
203,2020,18092.0,17681.0,19192.0,18366.0
204,2020,0.0,0.0,0.0,0.0
208,2020,18862.0,19424.0,17675.0,18542.0
211,2020,21526.0,0.0,0.0,21526.0
709,2020,0.0,9508.0,9478.0,9487.0
215,2020,15532.0,0.0,0.0,15532.0
222,2020,0.0,0.0,0.0,0.0
223,2020,19806.0,19388.0,0.0,19610.0
225,2020,18692.0,0.0,0.0,18692.0
227,2020,26335.0,0.0,0.0,26335.0
233,2020,21088.0,0.0,0.0,21088.0
235,2020,20742.0,0.0,0.0,20742.0
236,2020,0.0,0.0,0.0,0.0
238,2020,17966.0,17983.0,19167.0,18357.0
245,2020,17252.0,0.0,0.0,17252.0
247,2020,20659.0,0.0,0.0,20659.0
251,2020,20099.0,17164.0,21040.0,19636.0
255,2020,19624.0,22610.0,25398.0,21791.0
257,2020,24689.0,0.0,0.0,24689.0
260,2020,0.0,18301.0,14866.0,15932.0
259,2020,18039.0,0.0,0.0,18039.0
261,2020,15653.0,15886.0,0.0,15744.0
263,2020,18391.0,16727.0,17597.0,17859.0
267,2020,15425.0,14641.0,15988.0,15432.0
269,2020,23028.0,0.0,26656.0,24097.0
271,2020,30283.0,0.0,0.0,30283.0
274,2020,15456.0,13834.0,15056.0,14971.0
275,2020,0.0,0.0,19192.0,19192.0
276,2020,19981.0,21670.0,21925.0,20957.0
279,2020,18605.0,12710.0,15317.0,15860.0
281,2020,20929.0,0.0,0.0,20929.0
708,2020,0.0,11869.0,9697.0,11006.0
706,2020,0.0,0.0,10022.0,10022.0
285,2020,17142.0,15319.0,18862.0,17223.0
288,2020,23798.0,0.0,0.0,23798.0
291,2020,8950.0,0.0,0.0,8950.0
295,2020,26154.0,20864.0,20839.0,22594.0
719,2020,0.0,0.0,15559.0,15559.0
299,2020,21006.0,0.0,0.0,21006.0
305,2020,27918.0,25421.0,26620.0,26874.0
306,2020,15826.0,19142.0,20929.0,17877.0
315,2020,15636.0,15818.0,16181.0,15871.0
317,2020,20558.0,14141.0,22928.0,20252.0
319,2020,18621.0,16664.0,16941.0,17567.0
327,2020,23475.0,0.0,0.0,23475.0
333,2020,22284.0,0.0,0.0,22284.0
733,2020,0.0,7414.0,13579.0,12634.0
335,2020,12201.0,12444.0,12787.0,12434.0
339,2020,20572.0,0.0,0.0,20572.0
341,2020,18751.0,0.0,0.0,18751.0
342,2020,12943.0,14513.0,17311.0,14732.0
343,2020,20457.0,0.0,22088.0,20936.0
345,2020,20192.0,0.0,0.0,20192.0
351,2020,16575.0,17877.0,17139.0,16948.0
352,2020,16360.0,15277.0,15031.0,15667.0
744,2020,7147.0,0.0,0.0,7147.0
353,2020,15697.0,0.0,0.0,15697.0
355,2020,13739.0,0.0,0.0,13739.0
357,2020,16380.0,16547.0,16520.0,16469.0
729,2020,8523.0,0.0,0.0,8523.0
359,2020,17124.0,16502.0,20495.0,17836.0
363,2020,18467.0,17313.0,18184.0,18225.0
365,2020,27870.0,0.0,0.0,27870.0
367,2020,16784.0,0.0,0.0,16784.0
369,2020,27713.0,22979.0,26121.0,25824.0
704,2020,7811.0,0.0,0.0,7811.0
371,2020,15241.0,13619.0,12033.0,13831.0
375,2020,15559.0,0.0,0.0,15559.0
377,2020,12791.0,0.0,0.0,12791.0
381,2020,30215.0,0.0,0.0,30215.0
387,2020,23204.0,0.0,0.0,23204.0
388,2020,16862.0,17100.0,17058.0,16982.0
391,2020,28922.0,0.0,0.0,28922.0
399,2020,16012.0,0.0,15061.0,15766.0
401,2020,18468.0,17353.0,18694.0,18283.0
740,2020,0.0,0.0,15536.0,15536.0
703,2020,0.0,17318.0,12927.0,12981.0
405,2020,24445.0,0.0,0.0,24445.0
407,2020,16007.0,0.0,16829.0,16310.0
411,2020,15877.0,0.0,0.0,15877.0
413,2020,14756.0,0.0,0.0,14756.0
423,2020,18390.0,18167.0,18130.0,18224.0
728,2020,0.0,0.0,11714.0,11714.0
425,2020,14362.0,0.0,15324.0,14685.0
427,2020,17198.0,0.0,14546.0,15822.0
428,2020,0.0,0.0,20216.0,20216.0
435,2020,18015.0,0.0,0.0,18015.0
437,2020,37165.0,0.0,31022.0,34562.0
439,2020,16334.0,14185.0,21132.0,17165.0
441,2020,19939.0,0.0,0.0,19939.0
447,2020,18000.0,0.0,0.0,18000.0
735,2020,7562.0,0.0,0.0,7562.0
449,2020,20159.0,20089.0,18059.0,19236.0
450,2020,0.0,19781.0,27355.0,24195.0
453,2020,15366.0,17085.0,19748.0,17100.0
737,2020,9238.0,0.0,0.0,9238.0
461,2020,15294.0,13399.0,13511.0,14292.0
463,2020,20355.0,0.0,0.0,20355.0
467,2020,30951.0,0.0,0.0,30951.0
471,2020,26039.0,0.0,0.0,26039.0
473,2020,16071.0,16508.0,17264.0,16578.0
476,2020,20413.0,18398.0,17994.0,19016.0
485,2020,19531.0,0.0,0.0,19531.0
705,2020,7955.0,0.0,0.0,7955.0
486,2020,17578.0,14649.0,17216.0,16532.0
491,2020,15651.0,15581.0,16337.0,15833.0
493,2020,0.0,0.0,21447.0,21447.0
495,2020,23375.0,0.0,0.0,23375.0
714,2020,0.0,0.0,20173.0,20173.0
499,2020,21008.0,0.0,0.0,21008.0
501,2020,23173.0,0.0,0.0,23173.0
503,2020,17747.0,0.0,0.0,17747.0
507,2020,14475.0,0.0,0.0,14475.0
509,2020,27560.0,0.0,0.0,27560.0
511,2020,19779.0,0.0,0.0,19779.0
721,2020,9296.0,0.0,0.0,9296.0
513,2020,0.0,0.0,0.0,0.0
515,2020,24141.0,30583.0,27534.0,26919.0
519,2020,0.0,0.0,0.0,0.0
717,2020,12105.0,0.0,0.0,12105.0
525,2020,24297.0,0.0,0.0,24297.0
731,2020,8168.0,0.0,0.0,8168.0
741,2020,8000.0,0.0,8000.0,8000.0
531,2020,20493.0,0.0,0.0,20493.0
534,2020,18162.0,17437.0,18591.0,18121.0
539,2020,19393.0,0.0,0.0,19393.0
727,2020,5624.0,0.0,5687.0,5676.0
543,2020,14855.0,0.0,0.0,14855.0
549,2020,22123.0,0.0,0.0,22123.0
551,2020,17915.0,0.0,0.0,17915.0
553,2020,57058.0,0.0,0.0,57058.0
555,2020,12799.0,16736.0,0.0,14258.0
559,2020,20159.0,0.0,0.0,20159.0
563,2020,17677.0,0.0,0.0,17677.0
568,2020,17426.0,0.0,20668.0,18507.0
572,2020,18101.0,20937.0,18070.0,18678.0
573,2020,19582.0,0.0,0.0,19582.0
575,2020,15062.0,0.0,15987.0,15363.0
712,2020,7150.0,0.0,0.0,7150.0
579,2020,0.0,0.0,0.0,0.0
581,2020,0.0,0.0,21430.0,21430.0
582,2020,17689.0,16445.0,17997.0,17464.0
725,2021,0.0,7278.0,6992.0,7161.0
5,2021,0.0,0.0,0.0,0.0
9,2021,19285.0,0.0,0.0,19285.0
15,2021,24125.0,0.0,0.0,24125.0
17,2021,21261.0,22130.0,0.0,21688.0
19,2021,17478.0,0.0,0.0,17478.0
702,2021,0.0,0.0,9470.0,9470.0
23,2021,20062.0,0.0,0.0,20062.0
29,2021,13801.0,0.0,0.0,13801.0
31,2021,17847.0,0.0,0.0,17847.0
33,2021,16774.0,17029.0,0.0,16886.0
35,2021,31067.0,0.0,0.0,31067.0
39,2021,20850.0,0.0,0.0,20850.0
41,2021,15841.0,15515.0,15236.0,15573.0
47,2021,0.0,0.0,0.0,0.0
51,2021,18097.0,16489.0,17912.0,17679.0
53,2021,22882.0,0.0,0.0,22882.0
57,2021,15395.0,15363.0,17396.0,16110.0
63,2021,18899.0,0.0,0.0,18899.0
71,2021,15833.0,0.0,0.0,15833.0
723,2021,0.0,0.0,10054.0,10054.0
75,2021,21116.0,0.0,0.0,21116.0
79,2021,19063.0,0.0,0.0,19063.0
91,2021,0.0,0.0,0.0,0.0
93,2021,15490.0,0.0,0.0,15490.0
95,2021,20589.0,0.0,0.0,20589.0
99,2021,21804.0,0.0,0.0,21804.0
101,2021,21999.0,18367.0,20214.0,20542.0
103,2021,0.0,0.0,0.0,0.0
707,2021,0.0,0.0,10808.0,10808.0
105,2021,18335.0,0.0,22785.0,19802.0
107,2021,0.0,0.0,0.0,0.0
743,2021,8582.0,0.0,14395.0,9019.0
111,2021,21968.0,17123.0,16341.0,18698.0
112,2021,25236.0,20618.0,20379.0,22133.0
113,2021,21128.0,20982.0,18648.0,19976.0
114,2021,0.0,0.0,0.0,0.0
115,2021,26855.0,0.0,0.0,26855.0
117,2021,22534.0,0.0,0.0,22534.0
127,2021,18348.0,0.0,0.0,18348.0
131,2021,18503.0,17666.0,0.0,18192.0
141,2021,19093.0,13626.0,12679.0,14928.0
142,2021,23302.0,0.0,21422.0,22065.0
147,2021,0.0,0.0,0.0,0.0
149,2021,16297.0,0.0,0.0,16297.0
153,2021,22823.0,0.0,0.0,22823.0
159,2021,0.0,0.0,0.0,0.0
162,2021,0.0,0.0,0.0,0.0
165,2021,18022.0,21452.0,22958.0,20113.0
167,2021,21531.0,0.0,0.0,21531.0
171,2021,31832.0,0.0,0.0,31832.0
173,2021,23409.0,0.0,0.0,23409.0
172,2021,0.0,20111.0,18698.0,19248.0
174,2021,21194.0,0.0,19166.0,20498.0
175,2021,20049.0,0.0,19387.0,19841.0
185,2021,15951.0,0.0,18251.0,16608.0
187,2021,38462.0,0.0,0.0,38462.0
189,2021,17805.0,0.0,0.0,17805.0
742,2021,9705.0,0.0,0.0,9705.0
191,2021,21592.0,19014.0,19790.0,20060.0
195,2021,18170.0,0.0,0.0,18170.0
199,2021,15608.0,13879.0,15371.0,14952.0
203,2021,21431.0,18157.0,20775.0,20312.0
204,2021,0.0,0.0,0.0,0.0
208,2021,22581.0,21625.0,19497.0,21305.0
211,2021,22469.0,0.0,0.0,22469.0
709,2021,0.0,10663.0,10735.0,10711.0
215,2021,19335.0,0.0,0.0,19335.0
222,2021,0.0,0.0,0.0,0.0
223,2021,23226.0,22981.0,0.0,23112.0
225,2021,20509.0,0.0,0.0,20509.0
227,2021,30386.0,0.0,0.0,30386.0
233,2021,23219.0,0.0,0.0,23219.0
235,2021,22781.0,0.0,0.0,22781.0
236,2021,0.0,0.0,0.0,0.0
238,2021,21303.0,18520.0,20418.0,19944.0
245,2021,19656.0,0.0,0.0,19656.0
247,2021,20710.0,0.0,0.0,20710.0
251,2021,22306.0,19464.0,21470.0,21270.0
255,2021,22371.0,21840.0,25241.0,22948.0
257,2021,25681.0,0.0,0.0,25681.0
260,2021,0.0,18051.0,16503.0,16998.0
259,2021,19381.0,0.0,0.0,19381.0
261,2021,16176.0,17011.0,0.0,16493.0
263,2021,20894.0,19516.0,18303.0,19787.0
267,2021,16308.0,16301.0,15400.0,15977.0
269,2021,26367.0,0.0,27909.0,26840.0
271,2021,28524.0,0.0,0.0,28524.0
274,2021,18629.0,15773.0,17832.0,17679.0
275,2021,0.0,0.0,19609.0,19609.0
276,2021,22557.0,22576.0,21894.0,22356.0
279,2021,20376.0,14119.0,15545.0,16835.0
281,2021,26644.0,0.0,0.0,26644.0
708,2021,0.0,10936.0,10497.0,10712.0
706,2021,0.0,0.0,12333.0,12333.0
285,2021,18991.0,16242.0,18332.0,18089.0
288,2021,28508.0,0.0,0.0,28508.0
291,2021,23984.0,0.0,0.0,23984.0
295,2021,29162.0,23373.0,20795.0,24271.0
719,2021,0.0,0.0,17723.0,17723.0
299,2021,21154.0,0.0,0.0,21154.0
305,2021,25895.0,23147.0,28575.0,25964.0
306,2021,19695.0,23268.0,24891.0,21809.0
315,2021,17791.0,18341.0,15654.0,17205.0
317,2021,23658.0,20649.0,20757.0,22148.0
319,2021,19819.0,17577.0,18061.0,18675.0
327,2021,26758.0,0.0,0.0,26758.0
333,2021,25175.0,0.0,0.0,25175.0
733,2021,0.0,9551.0,14441.0,13867.0
335,2021,14371.0,13010.0,13509.0,13765.0
339,2021,20486.0,0.0,0.0,20486.0
341,2021,20638.0,0.0,0.0,20638.0
342,2021,17626.0,17186.0,18960.0,17895.0
343,2021,22878.0,0.0,22353.0,22710.0
345,2021,20002.0,0.0,0.0,20002.0
351,2021,18795.0,19288.0,18724.0,18849.0
352,2021,18615.0,16702.0,15929.0,17249.0
744,2021,6835.0,0.0,0.0,6835.0
353,2021,18048.0,0.0,0.0,18048.0
355,2021,18548.0,0.0,0.0,18548.0
357,2021,17125.0,17681.0,17962.0,17555.0
729,2021,9547.0,0.0,0.0,9547.0
359,2021,19180.0,17496.0,22020.0,19478.0
363,2021,20045.0,17872.0,18652.0,19311.0
365,2021,31214.0,0.0,0.0,31214.0
367,2021,18619.0,0.0,0.0,18619.0
369,2021,31709.0,21033.0,34124.0,28883.0
704,2021,8834.0,0.0,0.0,8834.0
371,2021,17134.0,14917.0,13345.0,15344.0
375,2021,21176.0,0.0,0.0,21176.0
377,2021,14437.0,0.0,0.0,14437.0
381,2021,37155.0,0.0,0.0,37155.0
387,2021,24428.0,0.0,0.0,24428.0
388,2021,21005.0,18299.0,17290.0,19108.0
391,2021,26825.0,0.0,0.0,26825.0
399,2021,19272.0,0.0,17499.0,18761.0
401,2021,19772.0,18938.0,20691.0,19871.0
740,2021,0.0,0.0,17170.0,17170.0
703,2021,0.0,0.0,14618.0,14618.0
405,2021,26807.0,0.0,0.0,26807.0
716,2021,8579.0,0.0,0.0,8579.0
407,2021,16138.0,0.0,20200.0,17569.0
411,2021,19960.0,0.0,0.0,19960.0
413,2021,16100.0,0.0,0.0,16100.0
423,2021,21573.0,19393.0,19547.0,20105.0
728,2021,0.0,0.0,12404.0,12404.0
425,2021,16138.0,0.0,16345.0,16211.0
427,2021,19579.0,0.0,15527.0,17408.0
428,2021,0.0,0.0,20432.0,20432.0
435,2021,24657.0,0.0,0.0,24657.0
437,2021,33403.0,0.0,36084.0,34421.0
439,2021,20313.0,13352.0,21359.0,18772.0
441,2021,22738.0,0.0,0.0,22738.0
447,2021,21140.0,0.0,0.0,21140.0
735,2021,7805.0,0.0,0.0,7805.0
449,2021,22589.0,20539.0,19945.0,21020.0
450,2021,0.0,18582.0,26201.0,23172.0
453,2021,18995.0,17913.0,21325.0,19251.0
737,2021,12002.0,0.0,0.0,12002.0
461,2021,18205.0,15626.0,16433.0,17006.0
463,2021,22969.0,0.0,0.0,22969.0
467,2021,33580.0,0.0,0.0,33580.0
471,2021,28865.0,0.0,0.0,28865.0
473,2021,17160.0,17987.0,17684.0,17523.0
476,2021,21288.0,21474.0,19754.0,20670.0
485,2021,20784.0,0.0,0.0,20784.0
705,2021,7726.0,0.0,0.0,7726.0
486,2021,20125.0,16399.0,18476.0,18426.0
491,2021,18732.0,17129.0,18921.0,18391.0
493,2021,0.0,0.0,23279.0,23279.0
495,2021,25869.0,0.0,0.0,25869.0
714,2021,0.0,0.0,19571.0,19571.0
499,2021,24147.0,0.0,0.0,24147.0
501,2021,29785.0,0.0,0.0,29785.0
503,2021,23305.0,0.0,0.0,23305.0
507,2021,15035.0,0.0,0.0,15035.0
509,2021,25555.0,0.0,0.0,25555.0
511,2021,23883.0,0.0,0.0,23883.0
721,2021,10214.0,0.0,0.0,10214.0
513,2021,0.0,0.0,0.0,0.0
515,2021,25992.0,33026.0,29446.0,28953.0
519,2021,0.0,0.0,0.0,0.0
717,2021,11847.0,0.0,0.0,11847.0
525,2021,27354.0,0.0,0.0,27354.0
731,2021,7276.0,0.0,0.0,7276.0
741,2021,8418.0,0.0,8422.0,8419.0
531,2021,23369.0,0.0,0.0,23369.0
534,2021,20316.0,19036.0,19604.0,19768.0
539,2021,21608.0,0.0,0.0,21608.0
727,2021,5227.0,0.0,5278.0,5262.0
543,2021,15837.0,0.0,0.0,15837.0
549,2021,25530.0,0.0,0.0,25530.0
551,2021,23766.0,0.0,0.0,23766.0
553,2021,21242.0,0.0,0.0,21242.0
555,2021,14656.0,18095.0,0.0,16010.0
559,2021,19671.0,0.0,0.0,19671.0
563,2021,20497.0,0.0,0.0,20497.0
568,2021,22041.0,0.0,19992.0,21278.0
572,2021,17377.0,18874.0,18116.0,17933.0
573,2021,19418.0,0.0,0.0,19418.0
575,2021,15347.0,15252.0,15814.0,15488.0
712,2021,7383.0,0.0,0.0,7383.0
579,2021,0.0,0.0,0.0,0.0
581,2021,0.0,0.0,20814.0,20814.0
582,2021,19045.0,18491.0,16876.0,18157.0
725,2022,0.0,7588.0,7491.0,7547.0
5,2022,0.0,0.0,0.0,0.0
9,2022,20289.0,0.0,0.0,20289.0
15,2022,24097.0,0.0,0.0,24097.0
17,2022,22205.0,22383.0,0.0,22293.0
19,2022,17956.0,0.0,0.0,17956.0
702,2022,0.0,0.0,10191.0,10191.0
23,2022,21878.0,0.0,0.0,21878.0
29,2022,14234.0,0.0,0.0,14234.0
31,2022,17810.0,0.0,0.0,17810.0
33,2022,16197.0,17621.0,0.0,16806.0
35,2022,30136.0,0.0,0.0,30136.0
39,2022,23899.0,0.0,0.0,23899.0
41,2022,16680.0,16689.0,16354.0,16569.0
47,2022,0.0,0.0,0.0,0.0
51,2022,20245.0,16527.0,22341.0,20083.0
53,2022,25900.0,0.0,0.0,25900.0
57,2022,16263.0,15792.0,18828.0,17027.0
63,2022,17884.0,0.0,0.0,17884.0
71,2022,15981.0,0.0,0.0,15981.0
723,2022,0.0,0.0,10275.0,10275.0
75,2022,21889.0,0.0,0.0,21889.0
79,2022,20464.0,0.0,0.0,20464.0
91,2022,0.0,0.0,0.0,0.0
93,2022,17409.0,0.0,0.0,17409.0
95,2022,20635.0,0.0,0.0,20635.0
99,2022,21885.0,0.0,0.0,21885.0
101,2022,20412.0,18109.0,20168.0,19789.0
103,2022,0.0,0.0,0.0,0.0
707,2022,0.0,0.0,12622.0,12622.0
105,2022,20644.0,0.0,22094.0,21119.0
107,2022,0.0,0.0,0.0,0.0
743,2022,8946.0,0.0,27850.0,11787.0
111,2022,22790.0,18615.0,17240.0,19774.0
112,2022,25588.0,23355.0,22829.0,24030.0
113,2022,23536.0,23384.0,18519.0,21203.0
114,2022,0.0,0.0,0.0,0.0
115,2022,26629.0,0.0,0.0,26629.0
117,2022,27374.0,0.0,0.0,27374.0
127,2022,19106.0,0.0,0.0,19106.0
131,2022,18817.0,18623.0,0.0,18749.0
141,2022,18879.0,14363.0,14067.0,15645.0
142,2022,24732.0,0.0,22087.0,22984.0
147,2022,0.0,0.0,0.0,0.0
149,2022,17428.0,0.0,0.0,17428.0
153,2022,21022.0,0.0,0.0,21022.0
159,2022,0.0,0.0,0.0,0.0
162,2022,0.0,0.0,0.0,0.0
165,2022,20316.0,22318.0,20568.0,20820.0
167,2022,20901.0,0.0,0.0,20901.0
171,2022,34387.0,0.0,0.0,34387.0
173,2022,25064.0,0.0,0.0,25064.0
172,2022,0.0,22963.0,20122.0,21197.0
174,2022,22802.0,0.0,19991.0,21840.0
175,2022,19293.0,0.0,19057.0,19221.0
185,2022,17810.0,0.0,19367.0,18258.0
187,2022,43779.0,0.0,0.0,43779.0
189,2022,18502.0,0.0,0.0,18502.0
742,2022,10820.0,0.0,0.0,10820.0
750,2022,9786.0,0.0,9937.0,9798.0
191,2022,22609.0,20060.0,19607.0,20598.0
195,2022,19274.0,0.0,0.0,19274.0
199,2022,16477.0,14787.0,16765.0,16029.0
203,2022,19969.0,17204.0,20052.0,19306.0
204,2022,0.0,0.0,0.0,0.0
208,2022,24286.0,21417.0,21794.0,22899.0
211,2022,20874.0,0.0,0.0,20874.0
709,2022,0.0,11718.0,11700.0,11706.0
215,2022,20566.0,0.0,0.0,20566.0
222,2022,0.0,0.0,0.0,0.0
223,2022,23144.0,25088.0,0.0,24016.0
225,2022,23120.0,0.0,0.0,23120.0
227,2022,31982.0,0.0,0.0,31982.0
233,2022,21026.0,0.0,0.0,21026.0
235,2022,27984.0,0.0,0.0,27984.0
236,2022,0.0,0.0,0.0,0.0
238,2022,22677.0,19550.0,21241.0,21028.0
245,2022,19756.0,0.0,0.0,19756.0
247,2022,23442.0,0.0,0.0,23442.0
251,2022,24545.0,20146.0,22361.0,22673.0
255,2022,24901.0,27752.0,25504.0,25755.0
257,2022,29946.0,0.0,0.0,29946.0
260,2022,0.0,19035.0,17296.0,17838.0
259,2022,19997.0,0.0,0.0,19997.0
261,2022,15864.0,19355.0,0.0,17152.0
263,2022,21784.0,21461.0,19794.0,21048.0
267,2022,17381.0,17723.0,16539.0,17154.0
269,2022,27997.0,0.0,29225.0,28371.0
271,2022,31929.0,0.0,0.0,31929.0
274,2022,19266.0,17315.0,15685.0,17765.0
275,2022,0.0,0.0,21721.0,21721.0
276,2022,22381.0,22335.0,22818.0,22497.0
279,2022,20158.0,15473.0,16981.0,17766.0
281,2022,28060.0,0.0,0.0,28060.0
708,2022,,12576.0,11405.0,11823.0
706,2022,0.0,0.0,11347.0,11347.0
285,2022,20999.0,19780.0,19376.0,20161.0
288,2022,30431.0,0.0,0.0,30431.0
291,2022,24102.0,0.0,0.0,24102.0
295,2022,29878.0,23827.0,22100.0,25195.0
719,2022,0.0,0.0,13540.0,13540.0
299,2022,21446.0,0.0,0.0,21446.0
305,2022,31389.0,29606.0,23659.0,28253.0
306,2022,18260.0,25891.0,28178.0,22199.0
315,2022,17107.0,18995.0,17594.0,17836.0
317,2022,22495.0,20795.0,24656.0,22910.0
319,2022,20602.0,18144.0,19585.0,19680.0
327,2022,26484.0,0.0,0.0,26484.0
333,2022,28091.0,0.0,0.0,28091.0
733,2022,0.0,0.0,16704.0,16704.0
335,2022,15476.0,14491.0,14902.0,15044.0
339,2022,23865.0,0.0,0.0,23865.0
341,2022,20382.0,0.0,0.0,20382.0
342,2022,16814.0,18615.0,21005.0,18636.0
343,2022,22535.0,0.0,25813.0,23472.0
345,2022,18497.0,0.0,0.0,18497.0
351,2022,19028.0,19738.0,19331.0,19236.0
352,2022,19022.0,18044.0,17173.0,18169.0
744,2022,7047.0,0.0,0.0,7047.0
353,2022,17017.0,0.0,0.0,17017.0
355,2022,17875.0,0.0,0.0,17875.0
357,2022,18019.0,20185.0,18313.0,18620.0
729,2022,10430.0,0.0,0.0,10430.0
359,2022,19908.0,17513.0,21869.0,19828.0
363,2022,20704.0,16643.0,20712.0,20046.0
365,2022,29096.0,0.0,0.0,29096.0
367,2022,18190.0,0.0,0.0,18190.0
369,2022,25986.0,33730.0,31825.0,29469.0
704,2022,8731.0,0.0,0.0,8731.0
371,2022,18446.0,16527.0,14762.0,16772.0
375,2022,22707.0,0.0,0.0,22707.0
377,2022,15615.0,0.0,0.0,15615.0
381,2022,44978.0,0.0,0.0,44978.0
387,2022,23545.0,0.0,0.0,23545.0
388,2022,21890.0,19843.0,19015.0,20444.0
391,2022,31176.0,0.0,0.0,31176.0
399,2022,21196.0,0.0,23907.0,21902.0
401,2022,20563.0,19936.0,20511.0,20393.0
740,2022,0.0,0.0,17136.0,17136.0
703,2022,0.0,17088.0,16177.0,16187.0
405,2022,28468.0,0.0,0.0,28468.0
716,2022,11828.0,0.0,0.0,11828.0
407,2022,19920.0,0.0,19074.0,19593.0
411,2022,20983.0,0.0,0.0,20983.0
413,2022,17724.0,0.0,0.0,17724.0
423,2022,20831.0,20613.0,20235.0,20530.0
425,2022,16583.0,0.0,18301.0,17182.0
427,2022,19713.0,0.0,16005.0,17774.0
428,2022,0.0,0.0,21960.0,21960.0
435,2022,26386.0,0.0,0.0,26386.0
437,2022,40988.0,0.0,35243.0,38525.0
439,2022,22633.0,12840.0,19174.0,19099.0
441,2022,23790.0,0.0,0.0,23790.0
447,2022,22271.0,0.0,0.0,22271.0
735,2022,8484.0,0.0,0.0,8484.0
449,2022,23092.0,22720.0,20909.0,22090.0
450,2022,0.0,21244.0,25850.0,24093.0
453,2022,19138.0,17941.0,20187.0,18996.0
737,2022,11576.0,0.0,0.0,11576.0
461,2022,18447.0,15730.0,14965.0,16627.0
463,2022,24600.0,0.0,0.0,24600.0
467,2022,36671.0,0.0,0.0,36671.0
471,2022,27572.0,0.0,0.0,27572.0
473,2022,17206.0,18575.0,18606.0,17983.0
476,2022,22086.0,22298.0,20902.0,21653.0
485,2022,23800.0,0.0,0.0,23800.0
705,2022,8924.0,0.0,0.0,8924.0
486,2022,20273.0,18742.0,19028.0,19411.0
491,2022,19802.0,18890.0,19419.0,19454.0
493,2022,0.0,0.0,24977.0,24977.0
495,2022,26623.0,0.0,0.0,26623.0
714,2022,0.0,0.0,15869.0,15869.0
499,2022,22242.0,0.0,0.0,22242.0
501,2022,30143.0,0.0,0.0,30143.0
503,2022,22960.0,0.0,0.0,22960.0
507,2022,15909.0,0.0,0.0,15909.0
509,2022,28501.0,0.0,0.0,28501.0
511,2022,23180.0,0.0,0.0,23180.0
721,2022,10500.0,0.0,0.0,10500.0
513,2022,0.0,0.0,0.0,0.0
515,2022,24363.0,39671.0,29579.0,29545.0
519,2022,0.0,0.0,0.0,0.0
717,2022,14011.0,0.0,0.0,14011.0
525,2022,26539.0,0.0,0.0,26539.0
731,2022,8281.0,0.0,0.0,8281.0
741,2022,8787.0,0.0,8787.0,8787.0
531,2022,25581.0,0.0,0.0,25581.0
534,2022,19541.0,20196.0,20673.0,20037.0
539,2022,21675.0,0.0,0.0,21675.0
727,2022,6321.0,0.0,6608.0,6513.0
543,2022,16755.0,0.0,0.0,16755.0
549,2022,26962.0,0.0,0.0,26962.0
551,2022,24387.0,0.0,0.0,24387.0
553,2022,25480.0,0.0,0.0,25480.0
555,2022,16012.0,18451.0,0.0,16995.0
559,2022,23210.0,0.0,0.0,23210.0
563,2022,22945.0,0.0,0.0,22945.0
568,2022,21261.0,0.0,21995.0,21517.0
572,2022,19355.0,19839.0,20097.0,19664.0
573,2022,22806.0,0.0,0.0,22806.0
575,2022,15382.0,17713.0,16307.0,16058.0
712,2022,7672.0,0.0,0.0,7672.0
579,2022,0.0,0.0,0.0,0.0
581,2022,0.0,0.0,22971.0,22971.0
582,2022,19873.0,18394.0,18804.0,19135.0
725,2023,0.0,8302.0,8617.0,8418.0
5,2023,0.0,0.0,0.0,0.0
9,2023,23306.0,0.0,0.0,23306.0
15,2023,24795.0,0.0,0.0,24795.0
17,2023,21161.0,21529.0,0.0,21338.0
19,2023,18872.0,0.0,0.0,18872.0
702,2023,0.0,0.0,10328.0,10328.0
23,2023,24050.0,0.0,0.0,24050.0
29,2023,14191.0,0.0,0.0,14191.0
31,2023,17265.0,0.0,0.0,17265.0
33,2023,16682.0,19269.0,0.0,17756.0
35,2023,27602.0,0.0,0.0,27602.0
39,2023,25087.0,0.0,0.0,25296.0
41,2023,17505.0,17020.0,17500.0,17418.0
47,2023,0.0,0.0,0.0,0.0
51,2023,22802.0,19404.0,21625.0,21635.0
53,2023,24317.0,0.0,0.0,24317.0
57,2023,16532.0,15957.0,19719.0,17464.0
63,2023,20118.0,0.0,0.0,20118.0
71,2023,16708.0,0.0,0.0,16708.0
723,2023,0.0,0.0,8176.0,8176.0
75,2023,24769.0,0.0,0.0,24769.0
79,2023,19982.0,0.0,0.0,19982.0
91,2023,0.0,0.0,0.0,0.0
93,2023,17328.0,0.0,0.0,17328.0
95,2023,21838.0,0.0,0.0,21838.0
99,2023,22540.0,0.0,0.0,22540.0
101,2023,22753.0,20043.0,20940.0,21590.0
103,2023,0.0,0.0,0.0,0.0
105,2023,22346.0,0.0,21691.0,22104.0
107,2023,0.0,0.0,0.0,0.0
743,2023,10285.0,0.0,14188.0,11109.0
111,2023,26059.0,20765.0,18856.0,22190.0
112,2023,25705.0,25906.0,25287.0,25620.0
113,2023,23321.0,23000.0,20672.0,22086.0
114,2023,0.0,0.0,0.0,0.0
115,2023,27706.0,0.0,0.0,27706.0
117,2023,21274.0,0.0,0.0,21274.0
127,2023,20210.0,0.0,0.0,20210.0
131,2023,19271.0,19361.0,0.0,19302.0
141,2023,19050.0,15658.0,15901.0,16847.0
142,2023,24848.0,0.0,25158.0,25047.0
147,2023,0.0,0.0,0.0,0.0
149,2023,16209.0,0.0,0.0,16209.0
153,2023,23403.0,0.0,0.0,23403.0
159,2023,0.0,0.0,0.0,0.0
162,2023,0.0,0.0,0.0,0.0
165,2023,21929.0,23276.0,21718.0,22177.0
167,2023,22663.0,0.0,0.0,22663.0
171,2023,27229.0,0.0,0.0,27229.0
173,2023,25599.0,0.0,0.0,25599.0
172,2023,0.0,23813.0,20118.0,21532.0
174,2023,24264.0,0.0,21135.0,23187.0
175,2023,19859.0,0.0,22854.0,20741.0
185,2023,19536.0,0.0,20047.0,19683.0
187,2023,36461.0,0.0,0.0,36461.0
189,2023,18639.0,0.0,0.0,18656.0
742,2023,10929.0,0.0,0.0,10929.0
750,2023,10073.0,0.0,10963.0,10221.0
191,2023,21498.0,21410.0,20731.0,21147.0
195,2023,20119.0,0.0,0.0,20119.0
199,2023,16808.0,15879.0,16501.0,16401.0
203,2023,20100.0,17830.0,22757.0,20441.0
204,2023,0.0,0.0,0.0,0.0
208,2023,23774.0,21336.0,22662.0,22947.0
211,2023,22281.0,0.0,0.0,22281.0
709,2023,0.0,14164.0,13736.0,13862.0
215,2023,22772.0,0.0,0.0,22772.0
222,2023,0.0,0.0,0.0,0.0
223,2023,25714.0,25496.0,0.0,25615.0
225,2023,23433.0,0.0,0.0,23433.0
227,2023,32620.0,0.0,0.0,32620.0
233,2023,23536.0,0.0,0.0,23536.0
235,2023,28371.0,0.0,0.0,28371.0
236,2023,0.0,0.0,0.0,0.0
238,2023,24691.0,20485.0,22559.0,22450.0
718,2023,18821.0,0.0,0.0,18821.0
245,2023,20841.0,0.0,0.0,20841.0
247,2023,19170.0,0.0,0.0,19170.0
251,2023,23622.0,22733.0,24230.0,23622.0
255,2023,25271.0,24747.0,26181.0,25389.0
257,2023,29383.0,0.0,0.0,29383.0
260,2023,0.0,18004.0,20232.0,19478.0
259,2023,20329.0,0.0,0.0,20329.0
261,2023,15682.0,18756.0,0.0,16738.0
263,2023,22441.0,22109.0,20921.0,21896.0
267,2023,17209.0,17750.0,17330.0,17375.0
269,2023,29652.0,0.0,30379.0,29876.0
271,2023,35688.0,0.0,0.0,35688.0
274,2023,20761.0,18318.0,17111.0,19175.0
275,2023,0.0,0.0,21411.0,21411.0
276,2023,23466.0,23527.0,24505.0,23775.0
279,2023,20752.0,17391.0,16694.0,18284.0
281,2023,27196.0,0.0,0.0,27196.0
708,2023,0.0,13514.0,15325.0,14591.0
706,2023,0.0,0.0,8791.0,8791.0
285,2023,22262.0,20226.0,19843.0,20969.0
288,2023,33750.0,0.0,0.0,33750.0
291,2023,18504.0,0.0,0.0,18504.0
295,2023,30079.0,23636.0,22916.0,25506.0
719,2023,0.0,0.0,17719.0,17719.0
299,2023,21980.0,0.0,0.0,22111.0
305,2023,29046.0,25016.0,29544.0,28137.0
722,2023,7576.0,0.0,0.0,7576.0
306,2023,19818.0,25128.0,30389.0,23560.0
315,2023,17670.0,18608.0,19271.0,18496.0
317,2023,25722.0,24149.0,27399.0,26009.0
319,2023,21075.0,19286.0,19292.0,20054.0
327,2023,28344.0,0.0,0.0,28688.0
333,2023,31696.0,0.0,0.0,31696.0
733,2023,0.0,0.0,16482.0,16482.0
335,2023,16522.0,16880.0,16601.0,16636.0
339,2023,23891.0,0.0,0.0,23891.0
341,2023,20463.0,0.0,0.0,20463.0
342,2023,16618.0,19480.0,20483.0,18642.0
343,2023,24025.0,0.0,24029.0,24026.0
345,2023,17030.0,0.0,0.0,17030.0
351,2023,19737.0,19908.0,20803.0,20093.0
352,2023,19201.0,18124.0,16909.0,18178.0
744,2023,7692.0,0.0,0.0,7692.0
353,2023,18782.0,0.0,0.0,18782.0
355,2023,18879.0,0.0,0.0,18879.0
357,2023,18991.0,20956.0,18965.0,19421.0
729,2023,11253.0,0.0,0.0,11253.0
359,2023,20996.0,17981.0,19606.0,19925.0
363,2023,21482.0,18352.0,18159.0,20066.0
365,2023,31309.0,0.0,0.0,31669.0
367,2023,19603.0,0.0,0.0,19603.0
369,2023,30677.0,35487.0,34446.0,32880.0
704,2023,9166.0,0.0,0.0,9166.0
371,2023,19526.0,18288.0,16099.0,18107.0
375,2023,24409.0,0.0,0.0,24409.0
377,2023,16070.0,0.0,0.0,16070.0
381,2023,41754.0,0.0,0.0,41754.0
387,2023,23528.0,0.0,0.0,23528.0
388,2023,21530.0,17604.0,19124.0,19773.0
391,2023,32250.0,0.0,0.0,32250.0
399,2023,22094.0,0.0,25008.0,22866.0
401,2023,22436.0,22800.0,23009.0,22729.0
740,2023,0.0,0.0,17982.0,17982.0
703,2023,0.0,0.0,20524.0,20524.0
405,2023,29312.0,0.0,0.0,29312.0
716,2023,13582.0,0.0,0.0,13582.0
407,2023,19262.0,0.0,22486.0,20444.0
411,2023,21143.0,0.0,0.0,21143.0
413,2023,17127.0,0.0,0.0,17127.0
423,2023,21609.0,21347.0,21574.0,21514.0
425,2023,15456.0,19165.0,18346.0,17256.0
427,2023,20186.0,0.0,16283.0,18113.0
428,2023,0.0,0.0,21678.0,21678.0
435,2023,26352.0,0.0,0.0,26867.0
437,2023,41612.0,0.0,35741.0,39033.0
439,2023,24692.0,15164.0,19788.0,20635.0
441,2023,26049.0,0.0,0.0,26049.0
447,2023,24101.0,0.0,0.0,24101.0
735,2023,8553.0,0.0,0.0,8553.0
449,2023,24695.0,24162.0,22901.0,23838.0
450,2023,0.0,28413.0,26850.0,27359.0
453,2023,20081.0,18864.0,21609.0,20068.0
737,2023,15744.0,0.0,20892.0,16777.0
461,2023,19309.0,15880.0,16074.0,17424.0
463,2023,26436.0,0.0,0.0,26436.0
467,2023,35424.0,0.0,0.0,35424.0
471,2023,28050.0,0.0,0.0,28050.0
473,2023,17590.0,18769.0,19492.0,18476.0
476,2023,24986.0,22102.0,23948.0,24035.0
485,2023,24963.0,0.0,0.0,24963.0
705,2023,9225.0,0.0,0.0,9225.0
486,2023,20674.0,21467.0,19515.0,20561.0
491,2023,20885.0,17355.0,21151.0,20038.0
493,2023,0.0,0.0,24264.0,24264.0
495,2023,25898.0,0.0,0.0,25898.0
714,2023,0.0,0.0,15350.0,15350.0
499,2023,23340.0,0.0,0.0,23340.0
501,2023,38036.0,0.0,0.0,38295.0
503,2023,24743.0,0.0,0.0,24743.0
507,2023,17252.0,0.0,0.0,17252.0
509,2023,26660.0,0.0,0.0,26660.0
511,2023,24131.0,0.0,0.0,24131.0
721,2023,12458.0,0.0,0.0,12458.0
513,2023,0.0,0.0,0.0,0.0
515,2023,26880.0,42065.0,30925.0,31702.0
519,2023,0.0,0.0,0.0,0.0
717,2023,13612.0,0.0,0.0,13612.0
525,2023,30212.0,0.0,0.0,30212.0
731,2023,10206.0,0.0,0.0,10206.0
741,2023,9086.0,0.0,9084.0,9085.0
531,2023,27121.0,0.0,0.0,27121.0
534,2023,18939.0,20475.0,21305.0,20012.0
539,2023,23656.0,0.0,0.0,23656.0
727,2023,8351.0,0.0,6040.0,6629.0
543,2023,16516.0,0.0,0.0,16516.0
549,2023,25966.0,0.0,0.0,26370.0
551,2023,27712.0,0.0,0.0,27712.0
553,2023,30283.0,0.0,0.0,30283.0
555,2023,19428.0,16077.0,0.0,17434.0
559,2023,24485.0,0.0,0.0,24485.0
563,2023,22859.0,0.0,0.0,22859.0
568,2023,24595.0,0.0,25145.0,24799.0
572,2023,20036.0,19300.0,20627.0,20023.0
573,2023,20770.0,0.0,0.0,20770.0
575,2023,16507.0,18556.0,16932.0,16962.0
712,2023,8171.0,0.0,0.0,8171.0
579,2023,0.0,0.0,0.0,0.0
581,2023,0.0,0.0,24742.0,24742.0
582,2023,22760.0,17338.0,18445.0,19618.0
725,2024,0.0,10547.0,6412.0,9017.0
5,2024,0.0,0.0,0.0,0.0
9,2024,26020.0,0.0,0.0,26020.0
15,2024,25233.0,0.0,0.0,25233.0
17,2024,23107.0,21389.0,0.0,22258.0
19,2024,21185.0,0.0,0.0,21185.0
702,2024,0.0,0.0,11826.0,11826.0
23,2024,28142.0,0.0,0.0,28142.0
29,2024,15135.0,0.0,0.0,15135.0
31,2024,18272.0,0.0,0.0,18272.0
33,2024,17647.0,20368.0,0.0,18787.0
35,2024,32484.0,0.0,0.0,32484.0
39,2024,34555.0,0.0,0.0,34555.0
41,2024,18680.0,18428.0,18286.0,18498.0
726,2024,0.0,16732.0,17409.0,16790.0
47,2024,0.0,0.0,0.0,0.0
51,2024,27521.0,19607.0,23247.0,24138.0
53,2024,25353.0,0.0,0.0,25353.0
57,2024,17685.0,17149.0,20187.0,18395.0
63,2024,21591.0,0.0,0.0,21591.0
71,2024,18014.0,0.0,0.0,18014.0
723,2024,0.0,0.0,7647.0,7647.0
75,2024,25482.0,0.0,0.0,25482.0
79,2024,22480.0,0.0,0.0,22480.0
91,2024,0.0,0.0,0.0,0.0
93,2024,17397.0,0.0,0.0,17397.0
95,2024,24143.0,0.0,0.0,24143.0
99,2024,23665.0,0.0,0.0,23665.0
101,2024,24302.0,20109.0,23962.0,23288.0
103,2024,0.0,0.0,0.0,0.0
105,2024,21304.0,0.0,26055.0,23007.0
107,2024,0.0,0.0,0.0,0.0
743,2024,11484.0,0.0,8697.0,10870.0
111,2024,26228.0,22363.0,20294.0,23159.0
112,2024,28008.0,25348.0,25625.0,26428.0
113,2024,25532.0,23350.0,21112.0,23169.0
114,2024,0.0,0.0,0.0,0.0
115,2024,30960.0,0.0,0.0,30960.0
117,2024,32103.0,0.0,0.0,32103.0
127,2024,22908.0,0.0,0.0,22908.0
131,2024,20565.0,21897.0,0.0,21028.0
141,2024,20516.0,16955.0,18160.0,18618.0
142,2024,25934.0,0.0,25959.0,25950.0
147,2024,0.0,0.0,0.0,0.0
149,2024,18143.0,0.0,0.0,18143.0
153,2024,27740.0,0.0,0.0,27740.0
159,2024,0.0,0.0,0.0,0.0
162,2024,0.0,0.0,0.0,0.0
165,2024,20446.0,24137.0,26654.0,22722.0
167,2024,24415.0,0.0,0.0,24415.0
171,2024,30355.0,0.0,0.0,30355.0
173,2024,28218.0,0.0,0.0,28218.0
172,2024,0.0,25961.0,22656.0,23934.0
174,2024,26299.0,0.0,19951.0,24081.0
175,2024,21361.0,0.0,25732.0,22655.0
185,2024,21383.0,0.0,21653.0,21464.0
187,2024,35275.0,0.0,0.0,35275.0
189,2024,20376.0,0.0,0.0,20376.0
742,2024,13197.0,0.0,0.0,13197.0
750,2024,11470.0,0.0,15633.0,12324.0
191,2024,24211.0,24916.0,21840.0,23377.0
195,2024,20745.0,0.0,0.0,20745.0
199,2024,18676.0,15913.0,16816.0,17079.0
203,2024,23208.0,20129.0,22853.0,22360.0
204,2024,0.0,0.0,0.0,0.0
208,2024,25808.0,23227.0,22996.0,24370.0
211,2024,24396.0,0.0,0.0,24396.0
709,2024,0.0,15372.0,13627.0,14258.0
215,2024,23590.0,0.0,0.0,23439.0
222,2024,0.0,0.0,0.0,0.0
223,2024,25559.0,28290.0,0.0,26754.0
225,2024,24973.0,0.0,0.0,24973.0
227,2024,33743.0,0.0,0.0,33743.0
233,2024,25447.0,0.0,0.0,25447.0
235,2024,33932.0,0.0,0.0,33932.0
236,2024,0.0,0.0,0.0,0.0
238,2024,24288.0,20979.0,22505.0,22463.0
718,2024,12095.0,0.0,0.0,12095.0
245,2024,22023.0,0.0,0.0,22023.0
247,2024,20430.0,0.0,0.0,20430.0
251,2024,24037.0,25079.0,24632.0,24482.0
255,2024,24852.0,24397.0,25826.0,25047.0
257,2024,28890.0,0.0,0.0,28890.0
260,2024,0.0,19897.0,21690.0,21086.0
259,2024,21007.0,0.0,0.0,21007.0
261,2024,18836.0,20173.0,0.0,19285.0
263,2024,23535.0,21707.0,21076.0,22424.0
267,2024,18591.0,18366.0,18696.0,18577.0
269,2024,30980.0,0.0,34389.0,31987.0
271,2024,42514.0,0.0,0.0,42514.0
274,2024,23091.0,19648.0,17391.0,20656.0
275,2024,0.0,0.0,21047.0,21047.0
276,2024,26066.0,24258.0,27269.0,25964.0
279,2024,22876.0,18763.0,16876.0,19378.0
281,2024,27354.0,0.0,0.0,27354.0
708,2024,0.0,17965.0,17914.0,17930.0
285,2024,24610.0,22089.0,21018.0,22815.0
288,2024,31757.0,0.0,0.0,31757.0
291,2024,22556.0,0.0,0.0,22556.0
295,2024,30729.0,24951.0,24161.0,26624.0
719,2024,0.0,0.0,25155.0,25155.0
299,2024,22495.0,0.0,0.0,22495.0
305,2024,30298.0,28976.0,35868.0,31584.0
722,2024,7658.0,0.0,0.0,7658.0
306,2024,22688.0,25328.0,35739.0,26553.0
315,2024,18439.0,19009.0,20475.0,19261.0
317,2024,29364.0,28025.0,25435.0,27866.0
319,2024,21500.0,19065.0,21049.0,20741.0
327,2024,28938.0,0.0,0.0,28938.0
333,2024,33750.0,0.0,0.0,33750.0
733,2024,0.0,0.0,13362.0,13362.0
335,2024,17327.0,18187.0,17957.0,17734.0
339,2024,24212.0,0.0,0.0,24212.0
341,2024,19626.0,0.0,0.0,19626.0
342,2024,17344.0,20121.0,22823.0,19736.0
343,2024,24150.0,0.0,25723.0,24646.0
345,2024,21107.0,0.0,0.0,21107.0
351,2024,21045.0,22379.0,21920.0,21512.0
352,2024,20665.0,19894.0,18675.0,19840.0
744,2024,8975.0,0.0,0.0,8975.0
353,2024,19773.0,0.0,0.0,19773.0
355,2024,19366.0,0.0,0.0,19366.0
357,2024,18870.0,22080.0,22310.0,20765.0
729,2024,12150.0,0.0,0.0,12150.0
359,2024,21853.0,19295.0,15792.0,19483.0
363,2024,21413.0,19060.0,22219.0,21249.0
365,2024,34131.0,0.0,0.0,34131.0
367,2024,17647.0,0.0,0.0,17647.0
369,2024,31952.0,42118.0,37352.0,35664.0
704,2024,10219.0,0.0,0.0,10219.0
371,2024,19313.0,18635.0,16614.0,18270.0
375,2024,25032.0,0.0,0.0,25032.0
377,2024,17938.0,0.0,0.0,17938.0
381,2024,44375.0,0.0,0.0,44375.0
387,2024,23890.0,0.0,0.0,23890.0
388,2024,21148.0,20819.0,21683.0,21237.0
391,2024,39328.0,0.0,0.0,39328.0
399,2024,22482.0,0.0,25390.0,23269.0
401,2024,26039.0,30661.0,27751.0,27628.0
740,2024,0.0,0.0,20938.0,20938.0
703,2024,0.0,0.0,32602.0,32602.0
405,2024,33209.0,0.0,0.0,33209.0
716,2024,13471.0,0.0,0.0,13471.0
407,2024,22246.0,0.0,23185.0,22601.0
411,2024,22474.0,0.0,0.0,22474.0
413,2024,17992.0,0.0,0.0,17992.0
423,2024,22876.0,22179.0,21511.0,22134.0
425,2024,16279.0,21176.0,19682.0,18458.0
427,2024,21471.0,0.0,17463.0,19355.0
428,2024,0.0,0.0,21997.0,21997.0
435,2024,27296.0,0.0,0.0,27296.0
437,2024,42451.0,0.0,47883.0,44484.0
439,2024,26094.0,16695.0,19048.0,21649.0
441,2024,28055.0,0.0,0.0,28055.0
447,2024,24275.0,0.0,0.0,24275.0
735,2024,11309.0,0.0,0.0,11309.0
449,2024,26316.0,26706.0,24148.0,25488.0
450,2024,0.0,27642.0,28760.0,28382.0
453,2024,21769.0,20537.0,21793.0,21295.0
724,2024,0.0,0.0,16531.0,16531.0
737,2024,17912.0,0.0,15119.0,17121.0
461,2024,20495.0,16783.0,20104.0,19582.0
463,2024,23622.0,0.0,0.0,23622.0
467,2024,34857.0,0.0,0.0,34857.0
471,2024,30308.0,0.0,0.0,30308.0
473,2024,19202.0,17305.0,20532.0,19224.0
476,2024,24633.0,23417.0,22896.0,23756.0
485,2024,27906.0,0.0,0.0,27906.0
705,2024,10475.0,0.0,0.0,10475.0
486,2024,22411.0,21853.0,21695.0,22025.0
491,2024,21060.0,19784.0,21967.0,21031.0
493,2024,0.0,0.0,24900.0,24900.0
495,2024,29903.0,0.0,0.0,29903.0
714,2024,0.0,0.0,16680.0,16680.0
499,2024,21342.0,0.0,0.0,21342.0
501,2024,35195.0,0.0,0.0,35195.0
503,2024,27257.0,0.0,0.0,27257.0
507,2024,19642.0,0.0,0.0,19642.0
509,2024,35397.0,0.0,0.0,35397.0
511,2024,26500.0,0.0,0.0,26500.0
721,2024,12164.0,0.0,0.0,12164.0
513,2024,0.0,0.0,0.0,0.0
515,2024,25827.0,39958.0,31517.0,30750.0
519,2024,0.0,0.0,0.0,0.0
717,2024,12830.0,0.0,0.0,12830.0
525,2024,34172.0,0.0,0.0,34172.0
731,2024,10791.0,0.0,0.0,10791.0
741,2024,10324.0,0.0,10309.0,10319.0
531,2024,31349.0,0.0,0.0,31349.0
534,2024,18648.0,20511.0,22706.0,20258.0
539,2024,27287.0,0.0,0.0,27287.0
727,2024,6723.0,0.0,6760.0,6751.0
543,2024,19880.0,0.0,0.0,19880.0
549,2024,29709.0,0.0,0.0,29709.0
551,2024,33230.0,0.0,0.0,33230.0
553,2024,36616.0,0.0,0.0,36616.0
555,2024,20547.0,17295.0,0.0,18657.0
559,2024,22269.0,0.0,0.0,22269.0
563,2024,21827.0,0.0,0.0,21827.0
568,2024,24233.0,0.0,22027.0,23385.0
572,2024,21315.0,20294.0,23396.0,21599.0
573,2024,23651.0,0.0,0.0,23651.0
575,2024,16527.0,19039.0,18593.0,17560.0
712,2024,11595.0,0.0,0.0,11595.0
579,2024,0.0,0.0,0.0,0.0
581,2024,0.0,0.0,26312.0,26312.0
582,2024,21445.0,19839.0,21552.0,20975.0
725,2025,0.0,7093.0,7058.0,7079.0
5,2025,0.0,0.0,0.0,0.0
9,2025,25290.0,0.0,0.0,25290.0
15,2025,27429.0,0.0,0.0,27429.0
17,2025,23781.0,24014.0,0.0,23894.0
19,2025,23660.0,0.0,0.0,23660.0
702,2025,0.0,0.0,13795.0,13795.0
23,2025,27495.0,0.0,0.0,27495.0
29,2025,14653.0,0.0,0.0,14653.0
31,2025,19493.0,0.0,0.0,19493.0
33,2025,20189.0,20464.0,0.0,20309.0
35,2025,31530.0,0.0,0.0,31530.0
39,2025,35898.0,0.0,0.0,35898.0
41,2025,19505.0,20390.0,19494.0,19651.0
726,2025,0.0,15129.0,13348.0,14603.0
47,2025,0.0,0.0,0.0,0.0
51,2025,25834.0,19251.0,25801.0,24101.0
53,2025,25103.0,0.0,0.0,25103.0
57,2025,18102.0,18056.0,20291.0,18864.0
63,2025,23899.0,0.0,0.0,23899.0
71,2025,19967.0,0.0,0.0,19967.0
723,2025,0.0,0.0,9529.0,9529.0
75,2025,29613.0,0.0,0.0,29613.0
79,2025,22250.0,0.0,0.0,22250.0
91,2025,0.0,0.0,0.0,0.0
93,2025,19221.0,0.0,0.0,19221.0
95,2025,23687.0,0.0,0.0,23687.0
99,2025,25210.0,0.0,0.0,25210.0
101,2025,26802.0,24026.0,26181.0,25995.0
103,2025,0.0,0.0,0.0,0.0
105,2025,22735.0,0.0,28087.0,24557.0
107,2025,0.0,0.0,0.0,0.0
743,2025,10542.0,0.0,8665.0,10167.0
111,2025,26603.0,24301.0,21954.0,24351.0
112,2025,29024.0,26494.0,25115.0,26979.0
113,2025,27871.0,25519.0,25894.0,26470.0
114,2025,0.0,0.0,0.0,0.0
115,2025,29774.0,0.0,0.0,29774.0
117,2025,32621.0,0.0,0.0,32621.0
127,2025,22622.0,0.0,0.0,22622.0
131,2025,23406.0,19212.0,0.0,21492.0
141,2025,21632.0,17719.0,18487.0,19315.0
142,2025,27496.0,0.0,27545.0,27528.0
147,2025,0.0,0.0,0.0,0.0
149,2025,19676.0,0.0,0.0,19676.0
153,2025,31817.0,0.0,0.0,31817.0
159,2025,0.0,0.0,0.0,0.0
162,2025,0.0,0.0,0.0,0.0
165,2025,21786.0,25193.0,26880.0,23812.0
167,2025,25298.0,0.0,0.0,25298.0
171,2025,40487.0,0.0,0.0,40487.0
173,2025,29440.0,0.0,0.0,29440.0
172,2025,0.0,26553.0,22566.0,24141.0
174,2025,25312.0,0.0,21970.0,24159.0
175,2025,24746.0,0.0,25251.0,24893.0
185,2025,24258.0,0.0,20773.0,23098.0
187,2025,41268.0,0.0,0.0,41268.0
189,2025,22802.0,0.0,0.0,22802.0
742,2025,11981.0,0.0,0.0,11981.0
750,2025,13279.0,0.0,14519.0,13563.0
191,2025,26611.0,27256.0,24552.0,25908.0
195,2025,22975.0,0.0,0.0,22975.0
199,2025,19596.0,16106.0,17913.0,17811.0
203,2025,28546.0,27254.0,24123.0,26561.0
204,2025,0.0,0.0,0.0,0.0
208,2025,27687.0,26135.0,24522.0,26293.0
211,2025,25959.0,0.0,0.0,25959.0
709,2025,15876.0,0.0,15649.0,15735.0
215,2025,24875.0,0.0,0.0,24875.0
222,2025,0.0,0.0,0.0,0.0
223,2025,29292.0,29472.0,0.0,29375.0
225,2025,28052.0,0.0,0.0,28052.0
227,2025,35941.0,0.0,0.0,35941.0
233,2025,25560.0,0.0,0.0,25560.0
235,2025,36961.0,0.0,0.0,36961.0
236,2025,0.0,0.0,0.0,0.0
238,2025,26727.0,20595.0,24351.0,23510.0
718,2025,10375.0,0.0,0.0,10375.0
245,2025,21871.0,0.0,0.0,21871.0
247,2025,24338.0,0.0,0.0,24338.0
251,2025,25720.0,25410.0,27663.0,26314.0
255,2025,23855.0,24503.0,28336.0,25364.0
257,2025,30094.0,0.0,0.0,30094.0
260,2025,0.0,21441.0,24458.0,23444.0
259,2025,23371.0,0.0,0.0,23371.0
261,2025,17397.0,18745.0,0.0,17849.0
263,2025,25370.0,22648.0,22601.0,24040.0
267,2025,19318.0,19934.0,20031.0,19704.0
269,2025,33391.0,0.0,33005.0,33272.0
271,2025,50324.0,0.0,0.0,50324.0
274,2025,24936.0,22668.0,21179.0,23397.0
275,2025,0.0,0.0,22488.0,22488.0
276,2025,28067.0,26176.0,28412.0,27692.0
279,2025,23640.0,18970.0,18409.0,20359.0
281,2025,28844.0,0.0,0.0,28844.0
708,2025,0.0,21798.0,16053.0,18213.0
285,2025,24600.0,21439.0,22750.0,23276.0
288,2025,31788.0,0.0,0.0,31788.0
291,2025,22974.0,0.0,0.0,22974.0
295,2025,32839.0,27324.0,27212.0,29144.0
719,2025,0.0,0.0,19020.0,19020.0
299,2025,23558.0,0.0,0.0,23558.0
305,2025,38006.0,33346.0,35613.0,36078.0
722,2025,10880.0,0.0,0.0,10880.0
306,2025,28397.0,17582.0,26406.0,24510.0
315,2025,21177.0,19770.0,22576.0,21147.0
317,2025,27230.0,28986.0,34316.0,29715.0
319,2025,23067.0,19123.0,20365.0,21197.0
327,2025,33557.0,0.0,0.0,33557.0
333,2025,35063.0,0.0,0.0,35063.0
733,2025,0.0,0.0,12267.0,12267.0
335,2025,19102.0,16869.0,17693.0,18021.0
339,2025,24942.0,0.0,0.0,24942.0
341,2025,24422.0,0.0,0.0,24422.0
342,2025,18579.0,20023.0,21735.0,19936.0
343,2025,26108.0,0.0,29305.0,27045.0
345,2025,21781.0,0.0,0.0,21781.0
351,2025,23298.0,24454.0,24563.0,23849.0
352,2025,20312.0,20158.0,18753.0,19767.0
744,2025,9854.0,0.0,0.0,9854.0
353,2025,19700.0,0.0,0.0,19700.0
355,2025,22516.0,0.0,0.0,22516.0
357,2025,20471.0,23724.0,23074.0,22085.0
729,2025,11986.0,0.0,0.0,11986.0
359,2025,24057.0,23932.0,18731.0,22366.0
363,2025,23167.0,18834.0,20693.0,21795.0
365,2025,38115.0,0.0,0.0,38115.0
367,2025,18636.0,0.0,0.0,18636.0
369,2025,33294.0,37186.0,33838.0,34375.0
704,2025,10373.0,0.0,0.0,10373.0
371,2025,19176.0,18995.0,16934.0,18376.0
375,2025,26634.0,0.0,0.0,26634.0
377,2025,20443.0,0.0,0.0,20443.0
381,2025,36956.0,0.0,0.0,36956.0
387,2025,27661.0,0.0,0.0,27661.0
388,2025,24542.0,20179.0,22332.0,22722.0
391,2025,40354.0,0.0,0.0,40354.0
399,2025,23200.0,0.0,26535.0,24106.0
401,2025,27920.0,31270.0,29668.0,29290.0
740,2025,0.0,0.0,20202.0,20202.0
703,2025,0.0,0.0,19215.0,19215.0
405,2025,34106.0,0.0,0.0,34106.0
716,2025,13232.0,0.0,0.0,13232.0
407,2025,22887.0,0.0,24112.0,23340.0
411,2025,22633.0,0.0,0.0,22633.0
413,2025,18528.0,0.0,0.0,18528.0
423,2025,24062.0,24148.0,23632.0,23922.0
425,2025,18229.0,21882.0,21934.0,20213.0
427,2025,21631.0,0.0,19024.0,20241.0
428,2025,0.0,0.0,21938.0,21938.0
435,2025,27237.0,0.0,0.0,27237.0
437,2025,38181.0,0.0,44378.0,40610.0
439,2025,28199.0,21874.0,19730.0,24040.0
441,2025,32882.0,0.0,0.0,32882.0
447,2025,26556.0,0.0,0.0,26556.0
735,2025,10243.0,0.0,0.0,10243.0
449,2025,30745.0,27645.0,24772.0,27610.0
450,2025,0.0,27275.0,31458.0,29876.0
453,2025,23673.0,22038.0,23120.0,22888.0
724,2025,0.0,0.0,9727.0,9727.0
737,2025,13958.0,0.0,14084.0,14000.0
461,2025,21269.0,16848.0,18164.0,19177.0
463,2025,24598.0,0.0,0.0,24598.0
467,2025,34299.0,0.0,0.0,34299.0
471,2025,32560.0,0.0,0.0,32560.0
473,2025,18735.0,20886.0,20427.0,19753.0
476,2025,30828.0,23688.0,25048.0,27192.0
485,2025,30122.0,0.0,0.0,30122.0
705,2025,11258.0,0.0,0.0,11258.0
730,2025,13614.0,0.0,0.0,13614.0
486,2025,23666.0,22080.0,23240.0,23032.0
491,2025,22708.0,21140.0,21533.0,21990.0
493,2025,0.0,0.0,25841.0,25841.0
495,2025,31389.0,0.0,0.0,31389.0
714,2025,0.0,0.0,15475.0,15475.0
499,2025,22100.0,0.0,0.0,22100.0
501,2025,33692.0,0.0,0.0,33692.0
503,2025,34739.0,0.0,0.0,34739.0
507,2025,20837.0,0.0,0.0,20837.0
509,2025,36688.0,0.0,0.0,36688.0
511,2025,29303.0,0.0,0.0,29303.0
721,2025,12783.0,0.0,0.0,12783.0
513,2025,0.0,0.0,0.0,0.0
515,2025,28588.0,33673.0,33559.0,31465.0
519,2025,0.0,0.0,0.0,0.0
717,2025,16329.0,0.0,0.0,16329.0
732,2025,0.0,0.0,20928.0,20928.0
525,2025,37751.0,0.0,0.0,37751.0
731,2025,9506.0,0.0,0.0,9506.0
741,2025,10345.0,0.0,10434.0,10377.0
531,2025,33346.0,0.0,0.0,33346.0
534,2025,22428.0,22959.0,24814.0,23256.0
539,2025,39751.0,0.0,0.0,39751.0
727,2025,6585.0,0.0,6426.0,6461.0
543,2025,20642.0,0.0,0.0,20642.0
549,2025,36391.0,0.0,0.0,36391.0
551,2025,29594.0,0.0,0.0,29594.0
553,2025,40150.0,0.0,0.0,40150.0
555,2025,21389.0,19844.0,0.0,20525.0
559,2025,20619.0,0.0,0.0,20619.0
563,2025,22219.0,0.0,0.0,22219.0
568,2025,24723.0,0.0,27207.0,25601.0
572,2025,25887.0,22676.0,24078.0,24590.0
573,2025,22279.0,0.0,0.0,22279.0
575,2025,18467.0,21754.0,20784.0,19690.0
712,2025,11316.0,0.0,0.0,11316.0
579,2025,0.0,0.0,0.0,0.0
581,2025,0.0,0.0,28651.0,28651.0
582,2025,23684.0,23819.0,23649.0,23716.0
