geoid,name,website,source
3301900260,Acworth,https://www.acworthnh.net/,granit
3300300420,Albany,https://albanynh.org/,granit
3300900580,Alexandria,http://www.alexandrianh.com/,granit
3301300660,Allenstown,https://www.allenstownnh.gov/,granit
3300500820,Alstead,https://www.alsteadnh.org,granit
3300101060,Alton,https://www.alton.nh.gov/,granit
3301101300,Amherst,https://www.amherstnh.gov/,granit
3301301460,Andover,https://www.andover-nh.gov/,granit
3301101700,Antrim,https://www.antrimnh.org/,granit
3300902020,Ashland,https://ashlandnh.org/,granit
3301502340,Atkinson,https://www.town-atkinsonnh.com/,granit
3301502820,Auburn,https://www.auburnnh.gov/,verified
3300103220,Barnstead,https://www.barnstead.org/,granit
3301703460,Barrington,https://www.barrington.nh.gov/,granit
3300303700,Bartlett,http://www.townofbartlettnh.org/,granit
3300903940,Bath,http://www.bath-nh.org/,granit
3301104500,Bedford,https://www.bedfordnh.org/,granit
3300104740,Belmont,https://www.belmontnh.org/,granit
3301104900,Bennington,https://townofbennington.com/,granit
3300905060,Benton,https://www.tobentonnh.org/,granit
3300705140,Berlin,https://www.berlinnh.gov/,granit
3300905460,Bethlehem,https://bethlehemnh.org/,granit
3301306260,Boscawen,https://www.boscawennh.gov/,granit
3301306500,Bow,https://bownh.gov/,granit
3301306980,Bradford,https://www.bradfordnh.org/,granit
3301507220,Brentwood,https://www.brentwoodnh.gov/,granit
3300907540,Bridgewater,https://www.bridgewater-nh.com,granit
3300907700,Bristol,https://www.bristolnh.gov,granit
3300307940,Brookfield,https://www.brookfieldnh.org/,granit
3301108100,Brookline,https://www.brooklinenh.gov/,verified
3300908660,Campton,https://www.camptonnh.gov,granit
3300908980,Canaan,https://www.canaannh.org/,granit
3301509300,Candia,https://www.candianh.org/,granit
3301309860,Canterbury,https://www.canterburynh.gov,granit
3300710100,Carroll,https://carrollnh.org/,granit
3300110660,Center Harbor,https://www.centerharbornh.org/,granit
3301911380,Charlestown,https://www.charlestown-nh.gov/,granit
3300311780,Chatham,https://www.chathamnh.org/,granit
3301512100,Chester,https://www.chesternh.org/,granit
3300512260,Chesterfield,https://www.chesterfield.nh.gov/,granit
3301312420,Chichester,https://www.chichesternh.org/,granit
3301912900,Claremont,https://www.claremontnh.com/,granit
3300713780,Colebrook,https://colebrooknh.org/,granit
3300713940,Columbia,https://columbianh.org/,granit
3301314200,Concord,https://www.concordnh.gov/,granit
3300314660,Conway,https://conwaynh.org/,granit
3301915060,Cornish,https://cornish.nh.gov/,granit
3301916340,Croydon,https://www.croydon-nh.com/,granit
3300716820,Dalton,https://townofdaltonnh.gov/,granit
3301316980,Danbury,https://townofdanburynh.com/,granit
3301517140,Danville,https://www.townofdanville.org/,granit
3301517460,Deerfield,https://www.townofdeerfieldnh.com/,granit
3301117780,Deering,https://www.deering.nh.us/,granit
3301517940,Derry,https://www.derrynh.org/,granit
3300918740,Dorchester,https://www.townofdorchester.org/,granit
3301718820,Dover,https://www.dover.nh.gov/,granit
3300519140,Dublin,https://www.townofdublin.org/,granit
3300719300,Dummer,https://www.dummernh.com/,granit
3301319460,Dunbarton,https://www.dunbartonnh.org/,granit
3301719700,Durham,https://www.durhamnh.gov/,verified
3301521380,East Kingston,https://www.eknh.org/,granit
3300922020,Easton,https://www.eastonnh.gov/,granit
3300323380,Eaton,https://www.eatonnh.org/,granit
3300323620,Effingham,https://www.effinghamnh.net/,granit
3300924340,Enfield,https://www.enfieldnh.gov/,granit
3301524660,Epping,https://www.townofepping.com/,granit
3301324900,Epsom,https://www.epsomnh.org/,granit
3300725140,Errol,https://www.errolnh.org/town-clerk,granit
3301525380,Exeter,https://www.exeternh.gov/,verified
3301726020,Farmington,https://www.farmington.nh.us,granit
3300526500,Fitzwilliam,https://fitzwilliam-nh.gov/,granit
3301127140,Francestown,https://www.francestownnh.org/,granit
3300927300,Franconia,http://www.franconianh.org/,granit
3301327380,Franklin,https://www.franklinnh.gov/,granit
3300327700,Freedom,https://townoffreedom.net/,granit
3301527940,Fremont,https://www.fremont.nh.gov/,verified
3300128740,Gilford,https://www.gilfordnh.org/,granit
3300128980,Gilmanton,https://www.gilmantonnh.org/,granit
3300529220,Gilsum,https://gilsum-nh.gov/,granit
3301129860,Goffstown,https://www.goffstown.com/,granit
3300730260,Gorham,https://www.gorhamnh.org/,granit
3301930500,Goshen,https://goshennh.org/,granit
3300930820,Grafton,https://www.townofgraftonnh.com/,granit
3301931220,Grantham,https://www.granthamnh.net/,granit
3301131540,Greenfield,https://www.greenfield-nh.gov/,granit
3301531700,Greenland,https://www.greenland-nh.com/,granit
3301131940,Greenville,https://www.greenvillenh.org/,granit
3300932180,Groton,https://grotonnh.gov/,verified
3301532900,Hampstead,https://www.hampsteadnh.us/,granit
3301533060,Hampton,https://www.hamptonnh.gov/,granit
3301533460,Hampton Falls,https://www.hamptonfalls.org/,granit
3301133700,Hancock,https://www.hancocknh.org/,granit
3300933860,Hanover,https://www.hanovernh.org/,granit
3300534420,Harrisville,https://harrisvillenh.org/,granit
3300334500,Hart's Location,https://hartslocation.com/,granit
3300934820,Haverhill,https://www.haverhill-nh.com/,granit
3300935220,Hebron,https://www.hebronnh.gov/,granit
3301335540,Henniker,https://www.henniker.org/,granit
3301335860,Hill,https://townofhillnh.org/,granit
3301136180,Hillsborough,https://hillsboroughnh.org/,granit
3300536660,Hinsdale,https://www.town.hinsdale.nh.us/,granit
3300936900,Holderness,https://www.holderness-nh.gov/,granit
3301137140,Hollis,https://www.hollisnh.org/,granit
3301337300,Hooksett,https://www.hooksett.org/,granit
3301337540,Hopkinton,https://www.hopkinton-nh.gov/,granit
3301137940,Hudson,https://www.hudsonnh.gov/,verified
3300338260,Jackson,https://www.jackson-nh.gov/,granit
3300538500,Jaffrey,https://www.townofjaffrey.com/,granit
3300738820,Jefferson,https://jeffersonnh.org/,verified
3300539300,Keene,https://keenenh.gov/,granit
3301539780,Kensington,https://www.kensingtonnh.gov/,granit
3301540100,Kingston,https://www.kingstonnh.gov/,verified
3300140180,Laconia,https://www.laconianh.gov/,granit
3300740420,Lancaster,https://www.lancasternh.org,granit
3300940660,Landaff,https://landaffnh.org/,granit
3301940900,Langdon,https://www.langdonnh.org/,granit
3300941300,Lebanon,https://lebanonnh.gov/,granit
3301741460,Lee,https://www.leenh.org/,granit
3301941700,Lempster,https://lempsternh.org/,granit
3300941860,Lincoln,https://www.lincolnnh.org/,granit
3300942020,Lisbon,https://www.lisbonnh.org/,granit
3301142260,Litchfield,https://litchfieldnh.gov/,granit
3300942580,Littleton,https://www.townoflittleton.org/,granit
3301543220,Londonderry,https://www.londonderrynh.gov/,granit
3301343380,Loudon,https://www.loudonnh.org/,granit
3300944100,Lyman,https://www.lymannh.org/,granit
3300944260,Lyme,https://www.lymenh.gov/,granit
3301144580,Lyndeborough,https://lyndeborough.nh.us/,verified
3301744820,Madbury,http://www.townofmadbury.com/,granit
3300345060,Madison,https://www.madison-nh.org/,granit
3301145140,Manchester,https://www.manchesternh.gov/,granit
3300545460,Marlborough,https://www.marlboroughnh.org/,granit
3300545700,Marlow,https://www.marlownh.gov/,granit
3301146260,Mason,https://www.masonnh.us/,granit
3300147140,Meredith,https://www.meredithnh.org/,granit
3301147540,Merrimack,https://www.merrimacknh.gov,granit
3301747700,Middleton,https://middletonnh.gov/,granit
3300747860,Milan,https://www.townofmilan.com/,granit
3301148020,Milford,https://www.milford.nh.gov/,granit
3301748660,Milton,https://www.miltonnh-us.com/,granit
3300948980,Monroe,https://www.monroenh.org/,granit
3301149140,Mont Vernon,https://www.montvernonnh.us/,granit
3300349380,Moultonborough,https://www.moultonboroughnh.gov/,verified
3301150260,Nashua,https://www.nashuanh.gov/,granit
3300550580,Nelson,https://www.townofnelson.org/,granit
3301150740,New Boston,https://www.newbostonnh.gov/,granit
3301550980,New Castle,https://www.newcastlenh.org/,granit
3301751220,New Durham,https://www.newdurhamnh.us/,granit
3300151540,New Hampton,https://www.newhamptonnh.gov/,granit
3301151940,New Ipswich,https://www.newipswichnh.gov/,granit
3301352100,New London,https://newlondon.nh.gov/,granit
3301350900,Newbury,https://www.newbury.nh.gov/,granit
3301551380,Newfields,https://www.newfieldsnh.gov/,granit
3301551620,Newington,https://www.newington.nh.us/,granit
3301552340,Newmarket,https://www.newmarketnh.gov/,granit
3301952580,Newport,https://www.newportnh.gov/,granit
3301552900,Newton,http://www.newton-nh.gov,granit
3301554580,North Hampton,https://www.northhampton-nh.gov/,granit
3301354260,Northfield,https://www.northfieldnh.org/,granit
3300756100,Northumberland,https://www.northumberlandnh.org/,granit
3301556820,Northwood,https://www.northwoodnh.org/,granit
3301557460,Nottingham,https://www.nottingham-nh.gov/,verified
3300958340,Orange,https://www.orangenh.us/,granit
3300958500,Orford,https://orfordnh.us/,granit
3300358740,Ossipee,https://www.ossipee.org/,verified
3301159940,Pelham,https://www.pelhamweb.com/,granit
3301360020,Pembroke,https://www.pembroke-nh.com/,granit
3301160580,Peterborough,https://www.peterboroughnh.gov/,granit
3300961060,Piermont,https://townofpiermontnh.org/,granit
3300761780,Pittsburg,https://pittsburg-nh.com/,granit
3301361940,Pittsfield,https://www.pittsfieldnh.gov/,granit
3301962340,Plainfield,https://www.plainfieldnh.org,granit
3301562500,Plaistow,https://www.plaistow.com/,granit
3300962660,Plymouth,https://www.plymouth-nh.org/,granit
3301562900,Portsmouth,https://www.portsmouthnh.gov/,verified
3300763860,Randolph,https://randolph.nh.gov/,granit
3301564020,Raymond,https://www.raymondnh.gov/,granit
3300564420,Richmond,https://www.richmond.nh.gov/,granit
3300564580,Rindge,https://www.rindgenh.org/,granit
3301765140,Rochester,https://www.rochesternh.gov/,granit
3301765540,Rollinsford,https://rollinsford.nh.us/,granit
3300565700,Roxbury,https://www.roxburynh.org/,granit
3300965940,Rumney,https://www.rumneynh.org/,granit
3301566180,Rye,https://www.ryenh.gov/,verified
3301566660,Salem,https://www.townofsalemnh.org/,granit
3301366980,Salisbury,https://www.salisburynh.org,granit
3300167300,Sanbornton,https://sanborntonnh.org/,granit
3301567620,Sandown,https://www.sandown.us/,granit
3300367780,Sandwich,https://sandwichnh.org/,granit
3301568260,Seabrook,https://seabrooknh.info/,granit
3301168820,Sharon,https://www.sharonnh.org/,granit
3300768980,Shelburne,https://www.townofshelburnenh.gov,granit
3301769940,Somersworth,https://www.somersworthnh.gov/,granit
3301571140,South Hampton,https://www.southhamptonnh.org/,granit
3301972740,Springfield,https://www.springfieldnh.org/,granit
3300773060,Stark,https://starknh.gov/,granit
3300573700,Stoddard,https://www.stoddardnh.org/,granit
3301773860,Strafford,https://strafford.nh.gov/,granit
3300774180,Stratford,https://stratfordnh.gov/,granit
3301574340,Stratham,https://www.strathamnh.gov/,granit
3300974740,Sugar Hill,https://www.sugarhillnh.org/,granit
3300574900,Sullivan,https://townofsullivannh.com/,granit
3301975060,Sunapee,https://www.town.sunapee.nh.us/,granit
3300575300,Surry,https://surry.nh.gov/,granit
3301375460,Sutton,https://www.sutton-nh.org/,granit
3300575700,Swanzey,https://www.swanzeynh.gov/,verified
3300376100,Tamworth,https://tamworthnh.gov,granit
3301176260,Temple,https://www.templenh.gov,granit
3300976740,Thornton,https://www.townofthornton.org/,granit
3300177060,Tilton,http://www.tiltonnh.org,granit
3300577380,Troy,https://www.troy-nh.us/,granit
3300377620,Tuftonboro,https://www.tuftonboronh.gov/,verified
3301977940,Unity,https://townofunitynh.org/,granit
3300378180,Wakefield,https://www.wakefieldnh.gov,granit
3300578420,Walpole,https://www.walpolenh.us/,granit
3301378580,Warner,https://warner.nh.us/,granit
3300978740,Warren,https://www.warren-nh.com/,granit
3301978980,Washington,https://www.washingtonnh.org/,granit
3300979380,Waterville Valley,https://www.watervillevalley.org/,granit
3301179780,Weare,https://www.weare.nh.gov/,granit
3301380020,Webster,https://www.webster-nh.gov/,granit
3300980500,Wentworth,https://www.wentworth-nh.org/,granit
3300582660,Westmoreland,https://westmorelandnh.com/,granit
3300784420,Whitefield,https://www.whitefieldnh.org/,granit
3301384900,Wilmot,https://www.wilmotnh.org/,granit
3301185220,Wilton,https://www.wiltonnh.gov/,granit
3300585540,Winchester,https://www.winchester-nh.gov/,granit
3301585780,Windham,https://www.windhamnh.gov,granit
3301185940,Windsor,https://www.windsornh.org/,granit
3300386420,Wolfeboro,https://www.wolfeboronh.us/,granit
3300987060,Woodstock,https://www.woodstocknh.org/,granit
