state,burden_pct,burden_rank,collections_percap,collections_rank,prop_pct,sales_pct,individual_income_pct,corporate_income_pct,other_pct,eff_property_rate,eff_property_rank,hh_property_pc,hh_income_pc,hh_sales_pc,hh_excise_pc,hh_income_percap,hh_persons_per_household,hh_burden_pct,hh_burden_rank
Alabama,9.8,20,4950,48,15.5,32.6,24.0,6.2,21.6,0.37,49,769,1189,1615,778,57311,2.43,7.59,19
Alaska,4.6,1,7509,17,32.1,6.4,0.0,8.0,53.5,0.94,20,2407,0,481,678,76234,2.59,4.68,1
Arizona,9.5,15,5006,46,24.7,47.1,12.9,4.2,11.2,0.48,47,1234,644,2359,359,65798,2.49,6.99,10
Arkansas,10.2,26,5302,41,17.0,41.7,19.4,5.2,16.7,0.56,37,901,1029,2211,648,59320,2.41,8.07,26
California,13.5,46,8942,8,26.3,21.5,27.5,8.5,16.2,0.7,32,2352,2461,1921,775,86232,2.79,8.71,36
Colorado,9.7,19,6780,22,32.9,29.7,17.0,5.9,14.5,0.5,44,2229,1154,2014,690,83055,2.35,7.33,15
Connecticut,15.4,49,9388,4,35.3,16.3,26.0,10.3,12.2,1.54,3,3311,2436,1528,870,95067,2.45,8.57,34
Delaware,12.4,42,7710,15,14.1,0.0,30.6,7.3,48.0,0.54,39,1087,2359,0,639,68061,2.49,6.0,4
District of Columbia,12.0,,15009,,29.3,18.7,29.8,11.0,11.2,0.6,,4395,4469,2808,664,111185,2.02,11.1,
Florida,9.1,11,5141,44,34.8,39.0,0.0,4.7,21.4,0.78,27,1789,0,2006,647,73006,2.5,6.08,5
Georgia,8.9,8,5406,38,29.9,25.5,28.0,6.1,10.6,0.79,25,1616,1512,1376,415,63006,2.59,7.81,22
Hawaii,14.1,48,9758,3,18.1,37.5,22.0,2.5,20.0,0.29,50,1762,2151,3655,1378,71019,2.85,12.6,50
Idaho,10.7,29,5012,45,22.8,31.5,21.8,10.5,13.3,0.5,45,1142,1094,1579,384,62323,2.6,6.74,8
Illinois,12.9,44,8339,10,32.3,17.7,20.7,9.4,20.0,1.88,2,2690,1727,1477,1229,74522,2.43,9.56,46
Indiana,9.3,14,5964,29,22.2,26.9,31.5,3.0,16.4,0.76,29,1325,1879,1604,804,64077,2.43,8.76,37
Iowa,11.2,34,6471,25,32.3,25.0,22.9,4.0,15.8,1.33,9,2089,1481,1619,601,65225,2.34,8.88,39
Kansas,11.2,33,6609,24,28.2,29.2,23.2,8.0,11.5,1.21,13,1861,1531,1928,539,65856,2.39,8.9,40
Kentucky,9.6,17,5444,36,20.0,23.1,32.3,6.1,18.5,0.74,31,1089,1760,1259,784,58256,2.39,8.4,28
Louisiana,9.1,12,5863,32,18.5,40.2,17.4,4.5,19.3,0.55,38,1086,1019,2359,735,61897,2.42,8.4,29
Maine,12.4,41,7220,18,35.9,22.5,24.6,4.5,12.5,0.98,19,2591,1779,1622,578,68932,2.21,9.53,45
Maryland,11.3,35,8139,11,23.6,13.5,39.7,4.0,19.1,0.92,21,1924,3235,1099,1076,79259,2.55,9.25,44
Massachusetts,11.5,37,9076,6,33.1,14.6,34.3,7.1,10.8,1.0,16,3005,3110,1328,516,93607,2.43,8.5,31
Michigan,8.6,5,5413,37,33.8,23.7,22.7,3.8,16.1,1.19,14,1831,1227,1281,554,63690,2.4,7.68,20
Minnesota,12.1,39,7860,13,22.9,18.8,31.0,10.3,17.0,1.0,17,1798,2436,1480,906,75603,2.39,8.76,38
Mississippi,9.8,21,4868,50,26.4,35.1,16.8,5.7,16.0,0.58,36,1286,820,1707,577,52074,2.43,8.43,30
Missouri,9.3,13,5286,43,27.8,28.3,28.2,2.9,12.8,0.89,23,1468,1489,1497,450,64920,2.37,7.55,18
Montana,10.5,27,5870,30,34.4,0.0,34.6,4.7,26.4,0.61,35,2019,2030,0,796,69240,2.36,7.0,11
Nebraska,11.5,38,6627,23,34.9,24.9,22.9,5.3,12.0,1.44,6,2314,1518,1649,376,72701,2.38,8.06,25
Nevada,9.6,18,6365,26,22.1,45.3,0.0,0.0,32.6,0.5,43,1406,0,2881,1331,69805,2.61,8.05,24
New Hampshire,9.6,16,5784,33,59.5,0.0,1.8,15.7,23.0,1.5,5,3439,107,0,723,83192,2.4,5.13,2
New Jersey,13.2,45,9178,5,39.1,17.2,21.6,10.1,11.9,1.88,1,3590,1982,1579,647,84893,2.63,9.19,43
New Mexico,10.2,25,8953,7,13.8,32.5,14.0,2.3,37.4,0.63,34,1233,1250,2909,579,58249,2.44,10.25,47
New York,15.9,50,12506,1,27.6,16.7,30.5,13.3,11.8,1.3,11,3457,3812,2089,804,85552,2.45,11.88,49
North Carolina,9.9,23,5378,39,22.3,28.8,29.0,2.8,17.1,0.66,33,1201,1561,1546,592,65634,2.39,7.47,16
North Dakota,8.8,7,9834,2,16.3,20.9,6.4,4.2,52.2,0.92,22,1607,631,2054,756,71749,2.19,7.04,12
Ohio,10.0,24,5864,31,27.7,27.8,26.8,0.5,17.2,1.36,8,1624,1572,1629,772,64464,2.35,8.68,35
Oklahoma,9.0,10,5312,40,20.4,31.3,20.4,3.6,24.2,0.79,26,1086,1086,1662,475,63708,2.48,6.76,9
Oregon,10.8,31,7604,16,26.3,4.1,42.3,6.0,21.3,0.81,24,2000,3215,315,859,70823,2.39,9.02,42
Pennsylvania,10.6,28,6869,20,25.7,18.4,26.3,7.2,22.3,1.26,12,1763,1809,1267,937,70678,2.36,8.17,27
Rhode Island,11.4,36,6841,21,36.4,20.7,21.4,3.5,18.0,1.12,15,2491,1463,1417,939,70622,2.38,8.93,41
South Carolina,8.9,9,4984,47,29.9,25.2,21.7,5.1,18.1,0.49,46,1490,1083,1256,535,60776,2.4,7.18,14
South Dakota,8.4,4,5298,42,32.6,44.8,0.0,1.0,21.6,1.0,18,1725,0,2374,652,75699,2.33,6.28,6
Tennessee,7.6,3,4912,49,20.8,46.7,0.0,9.0,23.5,0.52,41,1023,0,2291,653,66504,2.42,5.97,3
Texas,8.6,6,5737,34,40.7,37.7,0.0,0.0,21.6,1.4,7,2337,0,2163,747,69823,2.68,7.51,17
United States,11.2,,7038,,28.9,25.2,21.9,6.5,17.6,0.9,,2034,1539,1771,737,73204,2.5,8.31,
Utah,12.1,40,6239,27,23.0,29.9,30.5,4.1,12.5,0.48,48,1438,1901,1865,562,67333,2.91,8.56,33
Vermont,13.6,47,8462,9,39.2,11.1,22.1,5.5,22.2,1.51,4,3320,1867,936,1417,71287,2.18,10.58,48
Virginia,12.5,43,7043,19,30.8,15.1,27.1,7.1,19.8,0.78,28,2167,1911,1067,974,77351,2.49,7.91,23
Washington,10.7,30,7745,14,26.0,37.6,1.4,0.0,35.0,0.75,30,2013,108,2915,960,85187,2.46,7.04,13
West Virginia,9.8,22,5710,35,19.4,19.1,26.6,4.1,30.7,0.51,42,1109,1520,1089,987,55351,2.32,8.5,32
Wisconsin,10.9,32,6030,28,30.6,22.6,25.8,7.5,13.5,1.32,10,1848,1553,1364,518,67755,2.29,7.8,21
Wyoming,7.5,2,8037,12,35.5,29.3,0.0,0.0,35.2,0.53,40,2851,0,2358,373,86477,2.24,6.45,7
