geoid,name,county,year,residential,commercial_industrial,utilities,other,gross
3300101060,Alton,Belknap,2025,2158431376,90967900,9718800,1186944,2260305020
3300103220,Barnstead,Belknap,2025,1043127133,22729500,20838197,1774091,1088468921
3300104740,Belmont,Belknap,2025,1313217032,180130730,29236989,1214053,1523798804
3300110660,Center Harbor,Belknap,2025,736378589,28185395,4485650,330777,769380411
3300128740,Gilford,Belknap,2025,3235099570,299431000,25780440,845810,3561156820
3300128980,Gilmanton,Belknap,2025,1045838300,14853600,9857000,2904771,1073453671
3300140180,Laconia,Belknap,2025,4289582994,430179729,78473781,318497,4798555001
3300147140,Meredith,Belknap,2025,3675796088,247358812,20992400,889454,3945036754
3300151540,New Hampton,Belknap,2025,477438180,58999890,56710100,1393708,594541878
3300167300,Sanbornton,Belknap,2025,926798419,36100608,8098200,2156795,973154022
3300177060,Tilton,Belknap,2025,601358500,476358749,44953000,840169,1123510418
3300300420,Albany,Carroll,2025,198858384,28640712,4349701,273131,232121928
3300303700,Bartlett,Carroll,2025,1920576790,163570800,18659600,481535,2103288725
3300307940,Brookfield,Carroll,2025,241172884,1458800,2072000,945052,245648736
3300311780,Chatham,Carroll,2025,103437200,1027200,2401000,346438,107211838
3300314660,Conway,Carroll,2025,2530827800,702393500,106032900,2299200,3341553400
3300323380,Eaton,Carroll,2025,142457000,4775700,1761700,650362,149644762
3300323620,Effingham,Carroll,2025,360229561,30461300,3035600,1086812,394813273
3300327700,Freedom,Carroll,2025,1149734962,27872500,8407800,1100251,1187115513
3300334500,Hart's Location,Carroll,2025,30705400,5576700,813000,4596,37099696
3300338260,Jackson,Carroll,2025,781874000,63724400,8445400,502747,854546547
3300345060,Madison,Carroll,2025,1120160619,46096400,18374100,1682841,1186313960
3300349380,Moultonborough,Carroll,2025,6662225615,176190279,37016900,1727274,6877160068
3300358740,Ossipee,Carroll,2025,1337750400,202176781,21053700,1707181,1562688062
3300367780,Sandwich,Carroll,2025,790938285,17229300,38158600,2493206,848819391
3300376100,Tamworth,Carroll,2025,632979799,82013764,22202000,2384649,739580212
3300377620,Tuftonboro,Carroll,2025,2393649727,47446700,18463800,1213497,2460773724
3300378180,Wakefield,Carroll,2025,2216962800,53583800,19439900,1149018,2291135518
3300386420,Wolfeboro,Carroll,2025,4519644111,292479995,520900,2093268,4814738274
3300500820,Alstead,Cheshire,2025,291855381,7117700,6782600,1738520,307494201
3300512260,Chesterfield,Cheshire,2025,570868230,45924600,7882731,903912,625579473
3300519140,Dublin,Cheshire,2025,447847186,26687246,5270100,1197028,481001560
3300526500,Fitzwilliam,Cheshire,2025,415443162,30536900,54702508,938409,501620979
3300529220,Gilsum,Cheshire,2025,125294500,9603719,3398900,539185,138836304
3300534420,Harrisville,Cheshire,2025,337279151,8829000,3824900,750958,350684009
3300536660,Hinsdale,Cheshire,2025,275631431,54251662,106344374,806323,437033790
3300538500,Jaffrey,Cheshire,2025,896231873,117972460,18259498,1723085,1034186916
3300539300,Keene,Cheshire,2025,1412006600,765058150,114972300,701660,2292738710
3300545460,Marlborough,Cheshire,2025,190893380,27555958,6592900,624361,225666599
3300545700,Marlow,Cheshire,2025,123320230,4522840,2492000,1216350,131551420
3300550580,Nelson,Cheshire,2025,160342844,3182900,4558500,591769,168676013
3300564420,Richmond,Cheshire,2025,154287900,7346300,10311930,1230150,173176280
3300564580,Rindge,Cheshire,2025,1261908430,184190233,27923300,1618945,1475640908
3300565700,Roxbury,Cheshire,2025,39695000,2437900,1277200,386127,43796227
3300573700,Stoddard,Cheshire,2025,441302610,3990210,19468200,1164790,465925810
3300574900,Sullivan,Cheshire,2025,110400900,2985100,5985800,717044,120088844
3300575300,Surry,Cheshire,2025,129494900,3678600,5517900,461713,139153113
3300575700,Swanzey,Cheshire,2025,815728514,179982211,36859728,2099366,1034669819
3300577380,Troy,Cheshire,2025,200586800,23299200,39574000,486372,263946372
3300578420,Walpole,Cheshire,2025,593006182,118747160,38466300,2288722,752508364
3300582660,Westmoreland,Cheshire,2025,184963400,17158000,3053900,1276626,206451926
3300585540,Winchester,Cheshire,2025,472670900,94615423,49551579,2022369,618860271
3300705140,Berlin,Coos,2025,484967965,54746852,211239900,562350,751517067
3300710100,Carroll,Coos,2025,511969221,141744294,7316300,382478,661412293
3300713220,Clarksville,Coos,2025,47671400,1060200,1342500,958345,51032445
3300713780,Colebrook,Coos,2025,283582300,67850540,32215000,2081692,385729532
3300713940,Columbia,Coos,2025,64694391,3786700,17911700,1038230,87431021
3300716820,Dalton,Coos,2025,135401100,5137878,10907400,836580,152282958
3300719300,Dummer,Coos,2025,80157000,1735800,113257200,1375154,196525154
3300725140,Errol,Coos,2025,125993460,8106360,10057600,637931,144795351
3300730260,Gorham,Coos,2025,279919730,149682680,77242400,306804,507151614
3300738820,Jefferson,Coos,2025,143739300,14244900,8079700,793462,166857362
3300740420,Lancaster,Coos,2025,328814230,96008796,27373300,2307081,454503407
3300747860,Milan,Coos,2025,223511000,10655300,32923200,1614523,268704023
3300756100,Northumberland,Coos,2025,131126730,21889470,74037160,1004813,228058173
3300761780,Pittsburg,Coos,2025,546069332,39698500,18142900,4985047,608895779
3300763860,Randolph,Coos,2025,122860172,3032100,12755200,214958,138862430
3300768980,Shelburne,Coos,2025,49401796,11103500,21285200,408312,82198808
3300773060,Stark,Coos,2025,133487000,5000400,19653777,731844,158873021
3300773380,Stewartstown,Coos,2025,170097855,11741400,20443300,1526128,203808683
3300774180,Stratford,Coos,2025,67649700,5169500,26895800,1053716,100768716
3300784420,Whitefield,Coos,2025,330019200,71591200,45397700,1041866,448049966
3300900580,Alexandria,Grafton,2025,282570400,7387100,13188600,930638,304076738
3300902020,Ashland,Grafton,2025,372530560,50022498,32784400,212421,455549879
3300903940,Bath,Grafton,2025,127286900,4746900,24868100,2198842,159100742
3300905060,Benton,Grafton,2025,52695600,660500,2292700,471732,56120532
3300905460,Bethlehem,Grafton,2025,421319122,99873100,26473100,1289896,548955218
3300907540,Bridgewater,Grafton,2025,765174100,29437100,19033500,749500,814394200
3300907700,Bristol,Grafton,2025,947323300,86278200,25729900,541450,1059872850
3300908660,Campton,Grafton,2025,808741401,45097500,46522800,1255380,901617081
3300908980,Canaan,Grafton,2025,430355918,36555363,8002600,1307173,476221054
3300918740,Dorchester,Grafton,2025,87509100,538200,2388300,1438475,91874075
3300922020,Easton,Grafton,2025,130269598,828900,4755400,341630,136195528
3300923860,Ellsworth,Grafton,2025,41729900,2187400,461800,92989,44472089
3300924340,Enfield,Grafton,2025,996424286,72807600,14121600,1095535,1084449021
3300927300,Franconia,Grafton,2025,393106600,40417700,4220600,374457,438119357
3300930820,Grafton,Grafton,2025,267186502,4753932,4401600,1755977,278098011
3300932180,Groton,Grafton,2025,98973200,130100,11112660,624667,110840627
3300933860,Hanover,Grafton,2025,2924827234,972737233,22990100,1776534,3922331101
3300934820,Haverhill,Grafton,2025,580627210,89184018,33384900,3236389,706432517
3300935220,Hebron,Grafton,2025,405299900,6341200,5016800,176968,416834868
3300936900,Holderness,Grafton,2025,1278037028,88018851,55595700,1124337,1422775916
3300940660,Landaff,Grafton,2025,59678634,547100,1303500,555679,62084913
3300941300,Lebanon,Grafton,2025,1901293996,1534791246,149093425,1199677,3586378344
3300941860,Lincoln,Grafton,2025,1202408700,161912474,9273200,40350,1373634724
3300942020,Lisbon,Grafton,2025,184899022,38683900,6698800,1459535,231741257
3300942580,Littleton,Grafton,2025,837747912,379742240,118513800,1667870,1337671822
3300944100,Lyman,Grafton,2025,117675700,2530200,3902400,1421263,125529563
3300944260,Lyme,Grafton,2025,396485000,20388800,4020600,2200700,423095100
3300948980,Monroe,Grafton,2025,130721800,10038900,193493400,863513,335117613
3300958340,Orange,Grafton,2025,69760800,1081100,988300,676260,72506460
3300958500,Orford,Grafton,2025,257184088,20497600,4647400,2136723,284465811
3300961060,Piermont,Grafton,2025,127502100,2880800,2435200,1425588,134243688
3300962660,Plymouth,Grafton,2025,572029258,219038483,24889600,1118169,817075510
3300965940,Rumney,Grafton,2025,331150035,26079000,18003300,1196012,376428347
3300974740,Sugar Hill,Grafton,2025,321976690,6837900,10487000,638908,339940498
3300976740,Thornton,Grafton,2025,929792600,47962400,17961500,753433,996469933
3300978740,Warren,Grafton,2025,92132516,3845900,11973100,559079,108510595
3300979380,Waterville Valley,Grafton,2025,707688100,30256500,5109434,14010,743068044
3300980500,Wentworth,Grafton,2025,115754400,10817000,5367100,765737,132704237
3300987060,Woodstock,Grafton,2025,503328980,64985710,16885400,197936,585398026
3301101300,Amherst,Hillsborough,2025,2121285651,244533925,93129100,908600,2459857276
3301101700,Antrim,Hillsborough,2025,388684979,24082890,24756200,1007720,438531789
3301104500,Bedford,Hillsborough,2025,5202224326,981969168,119865700,330735,6304389929
3301104900,Bennington,Hillsborough,2025,194580700,20723600,5496500,434680,221235480
3301108100,Brookline,Hillsborough,2025,1122912828,40814884,13321800,457776,1177507288
3301117780,Deering,Hillsborough,2025,404951218,10450700,13810600,1666866,430879384
3301127140,Francestown,Hillsborough,2025,394354420,13618500,5175200,1279646,414427766
3301129860,Goffstown,Hillsborough,2025,2410367304,239785564,130784600,917032,2781854500
3301131540,Greenfield,Hillsborough,2025,300843750,24514037,5424300,1135786,331917873
3301131940,Greenville,Hillsborough,2025,178008100,45203600,6529100,282299,230023099
3301133700,Hancock,Hillsborough,2025,292921703,5915200,6282100,743819,305862822
3301136180,Hillsborough,Hillsborough,2025,861769085,117665900,50948200,1666633,1032049818
3301137140,Hollis,Hillsborough,2025,2244032568,81747346,17597800,817887,2344195601
3301137940,Hudson,Hillsborough,2025,3934594860,1042262046,169577400,351978,5146786284
3301142260,Litchfield,Hillsborough,2025,1781384200,124051600,86074400,420202,1991930402
3301144580,Lyndeborough,Hillsborough,2025,338925002,6575000,4749800,1934389,352184191
3301145140,Manchester,Hillsborough,2025,8622388814,4477856291,376629100,277730,13477151935
3301146260,Mason,Hillsborough,2025,212441200,3592400,5236300,444395,221714295
3301147540,Merrimack,Hillsborough,2025,3709060300,1175477212,157770600,286991,5042595103
3301148020,Milford,Hillsborough,2025,1713107223,352543313,34109800,1020895,2100781231
3301149140,Mont Vernon,Hillsborough,2025,554443290,3359950,6791100,526201,565120541
3301150260,Nashua,Hillsborough,2025,11980929716,4443968287,465318800,164198,16890381001
3301150740,New Boston,Hillsborough,2025,922051071,37735400,9129400,1298398,970214269
3301151940,New Ipswich,Hillsborough,2025,839445923,29347300,19247800,1552684,889593707
3301159940,Pelham,Hillsborough,2025,2613491366,141958485,96554009,398450,2852402310
3301160580,Peterborough,Hillsborough,2025,1085250298,276467399,20683948,2041785,1384443430
3301168820,Sharon,Hillsborough,2025,103439600,1041900,1142100,893233,106516833
3301176260,Temple,Hillsborough,2025,287033932,8119817,4652800,1262383,301068932
3301179780,Weare,Hillsborough,2025,1202104577,81031886,36812400,1350580,1321299443
3301185220,Wilton,Hillsborough,2025,524838100,45221000,7321800,1600862,578981762
3301185940,Windsor,Hillsborough,2025,36387500,1627900,515300,182786,38713486
3301300660,Allenstown,Merrimack,2025,419374500,107284500,8631600,232911,535523511
3301301460,Andover,Merrimack,2025,505618654,44946280,34889800,1274989,586729723
3301306260,Boscawen,Merrimack,2025,457503949,68466500,13351800,1133429,540455678
3301306500,Bow,Merrimack,2025,1604111547,322460752,184222270,388741,2111183310
3301306980,Bradford,Merrimack,2025,431254250,23745800,7028000,1175979,463204029
3301309860,Canterbury,Merrimack,2025,354456749,17224640,39740800,1543675,412965864
3301312420,Chichester,Merrimack,2025,482039655,74052929,8382900,930568,565406052
3301314200,Concord,Merrimack,2025,3297573598,1783995220,339088100,1383755,5422040673
3301316980,Danbury,Merrimack,2025,167233670,6297000,4971200,925237,179427107
3301319460,Dunbarton,Merrimack,2025,702888645,7977283,36832400,884023,748582351
3301324900,Epsom,Merrimack,2025,836536869,82472695,5852200,2041777,926903541
3301327380,Franklin,Merrimack,2025,902864600,154803300,110168718,884322,1168720940
3301335540,Henniker,Merrimack,2025,617461003,128769525,12575100,1818692,760624320
3301335860,Hill,Merrimack,2025,194128717,1594600,10357213,1019195,207099725
3301337300,Hooksett,Merrimack,2025,2544499243,619731065,105532408,301210,3270063926
3301337540,Hopkinton,Merrimack,2025,1307595166,102398000,36423300,2625623,1449042089
3301343380,Loudon,Merrimack,2025,631225316,81094550,18128200,1298898,731746964
3301352100,New London,Merrimack,2025,1922995137,144684122,22283700,681662,2090644621
3301350900,Newbury,Merrimack,2025,1627954004,52070700,8755400,1000422,1689780526
3301354260,Northfield,Merrimack,2025,551111300,68801900,15931900,1194058,637039158
3301360020,Pembroke,Merrimack,2025,1039473100,181553300,39258900,1272952,1261558252
3301361940,Pittsfield,Merrimack,2025,557541100,97019675,13121700,1222140,668904615
3301366980,Salisbury,Merrimack,2025,236873800,3199600,12961100,1316931,254351431
3301375460,Sutton,Merrimack,2025,548676500,20349130,5321770,1542344,575889744
3301378580,Warner,Merrimack,2025,551997463,85741195,14955400,2809461,655503519
3301380020,Webster,Merrimack,2025,346194678,6397800,23409500,1088316,377090294
3301384900,Wilmot,Merrimack,2025,387327610,17459200,7752100,1048366,413587276
3301502340,Atkinson,Rockingham,2025,1526223874,71408800,20739600,125555,1618497829
3301502820,Auburn,Rockingham,2025,1334812776,107813700,19437250,328857,1462392583
3301507220,Brentwood,Rockingham,2025,1058601657,117829700,32292300,1011238,1209734895
3301509300,Candia,Rockingham,2025,886138270,42110300,18839155,750727,947838452
3301512100,Chester,Rockingham,2025,1100346345,19936001,61611300,881962,1182775608
3301517140,Danville,Rockingham,2025,564372500,20930300,20013900,137349,605454049
3301517460,Deerfield,Rockingham,2025,1178856847,33265185,138580900,2095193,1352798125
3301517940,Derry,Rockingham,2025,4835628100,906998282,89734742,784638,5833145762
3301521380,East Kingston,Rockingham,2025,581584600,14881900,30608700,485303,627560503
3301524660,Epping,Rockingham,2025,1465853500,272294000,24627400,834600,1763609500
3301525380,Exeter,Rockingham,2025,3023382911,608188090,71341600,269707,3703182308
3301527940,Fremont,Rockingham,2025,908706180,31321520,8832400,643291,949503391
3301531700,Greenland,Rockingham,2025,1211325700,183430630,41046200,577400,1436379930
3301532900,Hampstead,Rockingham,2025,1883018533,205674600,16269800,99006,2105061939
3301533060,Hampton,Rockingham,2025,5323750750,612264150,195618700,192600,6131826200
3301533460,Hampton Falls,Rockingham,2025,784536493,87982700,12522000,596450,885637643
3301539780,Kensington,Rockingham,2025,654764112,20126900,21183589,935084,697009685
3301540100,Kingston,Rockingham,2025,1209270036,132347300,81891900,477836,1423987072
3301543220,Londonderry,Rockingham,2025,5144064000,1574412431,713101615,2284581,7433862627
3301550980,New Castle,Rockingham,2025,986208601,105195400,1310200,8023,1092722224
3301551380,Newfields,Rockingham,2025,421119400,38070300,3361128,230613,462781441
3301551620,Newington,Rockingham,2025,364457160,533683150,425480600,171792,1323792702
3301552340,Newmarket,Rockingham,2025,1439862377,283259452,11521998,341315,1734985142
3301552900,Newton,Rockingham,2025,969215120,55336400,19005600,272599,1043829719
3301554580,North Hampton,Rockingham,2025,1573878420,212836680,24031900,430600,1811177600
3301556820,Northwood,Rockingham,2025,1176270252,102296900,17906600,966461,1297440213
3301557460,Nottingham,Rockingham,2025,1417030634,21337700,32639700,1606279,1472614313
3301562500,Plaistow,Rockingham,2025,1498598700,454924000,49267300,70214,2002860214
3301562900,Portsmouth,Rockingham,2025,6445081700,3610030585,280530757,50992,10335694034
3301564020,Raymond,Rockingham,2025,1209215021,163605429,21078200,400571,1394299221
3301566180,Rye,Rockingham,2025,3195145960,100402290,14776600,103750,3310428600
3301566660,Salem,Rockingham,2025,4791416296,1864500638,125931300,126157,6781974391
3301567620,Sandown,Rockingham,2025,1153772870,17017730,11341400,210260,1182342260
3301568260,Seabrook,Rockingham,2025,2266829290,649988110,1706198300,18818,4623034518
3301571140,South Hampton,Rockingham,2025,247451581,18431300,5618900,447822,271949603
3301574340,Stratham,Rockingham,2025,2272399821,266389500,54010203,628850,2593428374
3301585780,Windham,Rockingham,2025,5040432500,272446612,55855500,80354,5368814966
3301703460,Barrington,Strafford,2025,1709613800,171363700,39978388,1224660,1922180548
3301718820,Dover,Strafford,2025,4970861467,1647117730,137312300,686803,6755978300
3301719700,Durham,Strafford,2025,1557115000,516959294,114050600,766601,2188891495
3301726020,Farmington,Strafford,2025,926290400,129875700,14393800,1594746,1072154646
3301741460,Lee,Strafford,2025,639840420,97399100,12508627,750753,750498900
3301744820,Madbury,Strafford,2025,465677916,25058300,35893400,664175,527293791
3301747700,Middleton,Strafford,2025,353751278,12788000,6071000,568882,373179160
3301748660,Milton,Strafford,2025,853571885,80287800,25628231,1297299,960785215
3301751220,New Durham,Strafford,2025,948097065,22634700,7709240,1497492,979938497
3301765140,Rochester,Strafford,2025,3861208581,1307625370,224173143,1371524,5394378618
3301765540,Rollinsford,Strafford,2025,421582900,65441800,7310200,435990,494770890
3301769940,Somersworth,Strafford,2025,1471315525,435029935,47156400,152402,1953654262
3301773860,Strafford,Strafford,2025,708859350,10219550,16659000,1488200,737226100
3301900260,Acworth,Sullivan,2025,207365200,6301000,4280300,1732270,219678770
3301911380,Charlestown,Sullivan,2025,275105052,54569256,17761154,1244008,348679470
3301912900,Claremont,Sullivan,2025,859312316,347962635,49333512,1760320,1258368783
3301915060,Cornish,Sullivan,2025,340892251,5675900,9189700,3365233,359123084
3301916340,Croydon,Sullivan,2025,204128700,11020872,11335100,1749448,228234120
3301930500,Goshen,Sullivan,2025,155075145,4291310,3226070,903267,163495792
3301931220,Grantham,Sullivan,2025,745367188,21219470,5701500,436695,772724853
3301940900,Langdon,Sullivan,2025,68604510,6720900,1771510,610383,77707303
3301941700,Lempster,Sullivan,2025,237246176,10709100,5898500,1218135,255071911
3301952580,Newport,Sullivan,2025,549456900,179639300,21847200,1802204,752745604
3301962340,Plainfield,Sullivan,2025,508543138,34676818,10154800,3421456,556796212
3301972740,Springfield,Sullivan,2025,390782100,33242900,13805900,1139599,438970499
3301975060,Sunapee,Sullivan,2025,2337348200,80039776,32265600,567695,2450221271
3301977940,Unity,Sullivan,2025,241869000,2962769,4674500,1743283,251249552
3301978980,Washington,Sullivan,2025,372663587,1833346,3627500,1116601,379241034
